consultation_id,customer_id,consultation_date,fee,ref_google,ref_facebook,ref_instagram,ref_pinterest,ref_website_blog,ref_signage,ref_show,ref_magazine,ref_referrer,ref_other,ref_info,wedding_date,dress_due,enquiry_type,dress_interest,cfu_requirement,cfu_action,cfu_date,recon_action_taken,recon_date,qfu_date,date_recd_fdbk_email,received_questionnaire,date_received_questionnaire
1,1,2014-02-22,,1,0,0,0,0,0,0,0,0,0,,2015-05-30,2015-04-30,Collection,Marigold,,,NULL,Ordered,NULL,NULL,NULL,0,NULL
2,2,2014-02-22,,1,0,0,0,0,0,0,0,1,0,,,,,,,,NULL,Expired,NULL,NULL,NULL,0,NULL
3,3,2014-02-22,,0,0,0,0,0,0,0,0,0,0,,,,Bridesmaids,Daisy,,,NULL,Expired,NULL,NULL,NULL,0,NULL
4,4,2014-02-22,,0,0,0,0,0,0,0,0,0,0,,,,Custom,,,,NULL,Expired,NULL,NULL,NULL,0,NULL
5,5,2014-03-01,,0,0,0,0,0,0,0,0,0,0,,,,,,,,NULL,Expired,NULL,NULL,NULL,0,NULL
6,6,2014-03-08,,0,0,0,0,1,0,0,0,0,0,,2015-09-03,2015-09-03,,,,,NULL,Expired,NULL,NULL,NULL,0,NULL
7,7,2014-03-08,,1,0,0,0,0,0,0,0,0,0,,,,,,,,NULL,Expired,NULL,NULL,NULL,0,NULL
8,8,2014-03-08,,0,0,0,0,0,0,0,0,0,0,,,,,,,,NULL,Expired,NULL,NULL,NULL,0,NULL
9,9,2014-03-11,,0,0,0,0,0,0,0,0,0,0,,,,,,,,NULL,Expired,NULL,NULL,NULL,0,NULL
10,10,2014-03-15,,0,0,0,0,0,0,0,0,1,0,Friend,,,,,,,NULL,Expired,NULL,NULL,NULL,0,NULL
11,11,2014-03-15,,0,0,0,0,0,0,0,0,0,0,,,,,,,,NULL,Expired,NULL,NULL,NULL,0,NULL
12,12,2014-03-22,,1,0,0,0,0,0,0,0,0,0,,,,,,,,NULL,Expired,NULL,NULL,NULL,0,NULL
13,13,2014-03-29,,0,0,0,0,0,0,0,0,0,0,,,,,,,,NULL,Expired,NULL,NULL,NULL,0,NULL
14,14,2014-03-31,,0,0,0,0,0,0,0,0,0,0,,2015-05-11,2015-05-11,Bridesmaids,4,,,NULL,Expired,NULL,NULL,NULL,0,NULL
15,15,2014-03-31,,1,0,0,0,0,0,0,0,0,0,,2015-10-12,2015-10-12,,,,,NULL,Expired,NULL,NULL,NULL,0,NULL
16,16,2014-03-31,,0,0,0,0,0,0,0,0,0,0,,,,,,,,NULL,Expired,NULL,NULL,NULL,0,NULL
17,17,2014-04-11,,0,0,0,0,0,0,0,0,1,0,Hannah Booth,2015-12-30,2015-12-30,Collection,,,,NULL,Expired,NULL,NULL,NULL,0,NULL
18,18,2014-04-26,,0,0,0,0,0,0,0,0,1,0,Friend,2015-12-31,2015-12-31,Collection,,,,NULL,Expired,NULL,NULL,NULL,0,NULL
19,20,2014-08-07,NA,0,0,0,0,0,0,0,0,1,0,Charlotte Wood,2015-04-18,2015-04-18,Custom,,,,NULL,Ordered,NULL,NULL,NULL,0,NULL
20,21,2014-08-16,$30,0,0,0,0,0,0,0,0,1,0,Emily,2015-11-01,2015-11-01,,,,,NULL,Expired,NULL,NULL,NULL,0,NULL
21,22,2014-08-16,$30,1,0,0,0,0,0,0,0,0,0,,2015-12-19,2015-12-19,Collection,Gloriana,,,NULL,Expired,NULL,NULL,NULL,0,NULL
22,23,2014-08-21,$30,0,0,0,0,1,0,0,0,0,0,,2015-12-05,2015-11-05,Custom,,,,NULL,Ordered,NULL,NULL,NULL,0,NULL
23,24,2014-08-23,$30,0,0,0,0,0,0,0,0,1,0,Sister,2015-05-09,2015-05-09,Custom,,,,NULL,Expired,NULL,NULL,NULL,0,NULL
24,25,2014-08-23,$30,0,0,0,0,1,0,0,0,0,0,,2015-06-22,2015-06-22,Custom,,,,NULL,Expired,NULL,NULL,NULL,0,NULL
25,27,2014-08-26,$30,0,0,0,0,0,0,0,0,0,0,,2015-06-01,2015-06-01,,,,,NULL,Expired,NULL,NULL,NULL,0,NULL
26,28,2014-08-30,$30,1,0,0,0,0,0,0,0,0,0,,2016-02-20,2016-02-20,Custom,,,,NULL,Expired,NULL,NULL,NULL,1,NULL
27,29,2014-09-06,$30,0,0,0,0,0,0,0,0,1,0,workmate,,,,,,,NULL,Expired,NULL,NULL,NULL,0,NULL
28,30,2014-09-19,Cash,0,0,0,0,0,0,0,0,1,0,,2016-01-16,2016-01-16,,,,,NULL,Expired,NULL,NULL,NULL,0,NULL
29,31,2014-09-20,$30,0,0,0,0,0,0,0,0,1,0,Friend,2015-06-20,2015-06-20,,,,,NULL,Expired,NULL,NULL,NULL,0,NULL
30,32,2014-09-26,NA,1,0,0,0,0,0,0,0,0,0,,,,Collection,,,,NULL,Expired,NULL,NULL,NULL,0,NULL
31,33,2014-10-02,NA,1,0,1,0,0,1,0,0,0,0,,2016-02-06,2016-02-06,,,,,NULL,Ordered,NULL,NULL,NULL,1,NULL
32,35,2014-10-11,$30,0,0,0,0,1,0,0,0,0,0,,2015-05-30,2015-05-30,Bridesmaids,,,,NULL,Expired,NULL,NULL,NULL,0,NULL
33,36,2014-10-11,,0,0,0,0,1,0,0,0,0,0,,2015-05-30,2015-05-30,Bridesmaids,Bella x2,,,NULL,Ordered,NULL,NULL,NULL,0,NULL
34,37,2014-10-11,$30,1,0,0,0,0,0,0,0,0,0,Maps,2015-09-01,2015-09-01,,,,,NULL,Expired,NULL,NULL,NULL,0,NULL
35,38,2014-10-11,$30,0,0,0,0,0,0,0,0,1,0,Friend,2015-11-06,2015-11-06,,,,,NULL,Expired,NULL,NULL,NULL,0,NULL
36,41,2014-10-14,NA,0,0,0,0,0,0,0,0,1,0,Friend,2015-07-11,2015-07-11,Custom,,,,NULL,Ordered,NULL,NULL,NULL,0,NULL
37,42,2014-10-17,Cash,1,0,0,0,0,0,0,0,0,0,,2015-04-04,2015-04-04,Collection,Moonstone,,,NULL,Expired,NULL,NULL,NULL,0,NULL
38,43,2014-10-17,NA,1,0,0,0,0,0,0,0,0,0,,2015-10-24,2015-10-24,Collection,Flora ,,,NULL,Expired,NULL,NULL,NULL,0,NULL
39,47,2014-11-04,$30,1,0,0,0,0,0,0,0,0,0,,2015-10-01,2015-10-01,,,,,NULL,Expired,NULL,NULL,NULL,0,NULL
40,50,2014-11-08,$30,1,0,0,0,0,0,0,0,0,0,,2015-10-03,2015-10-03,Custom,Custom,,,NULL,Ordered,NULL,NULL,NULL,0,NULL
41,52,2014-11-15,$30,0,0,0,0,0,0,0,0,0,0,,2015-07-11,2015-07-11,Custom,,,,NULL,Expired,NULL,NULL,NULL,0,NULL
42,54,2014-11-19,$30,0,0,0,0,0,0,0,0,1,0,,2016-02-13,2016-02-13,Custom,,,,NULL,Expired,NULL,NULL,NULL,1,NULL
43,57,2014-12-02,NA,0,0,0,0,0,0,0,0,1,0,Friend,2015-10-24,2015-10-24,Custom,Custom,,,NULL,Ordered,NULL,NULL,NULL,0,NULL
44,59,2014-12-05,$30,1,0,0,0,0,0,0,0,0,0,,2016-02-06,2016-02-06,Collection,Rosella ,,,NULL,Expired,NULL,NULL,NULL,1,NULL
45,60,2014-12-06,$30,1,0,0,0,1,0,0,0,0,0,,2015-12-19,2015-12-19,Collection,Florence,,,NULL,Expired,NULL,NULL,NULL,0,NULL
46,62,2015-10-27,,0,0,0,0,0,0,0,0,0,0,,2015-11-06,2015-10-30,Accessory,Short veil ,,,NULL,Ordered,NULL,NULL,NULL,0,NULL
47,63,2015-01-06,Cash,0,0,0,0,1,0,0,0,0,0,,2015-09-19,2015-09-19,Collection,,,,NULL,Expired,NULL,NULL,NULL,0,NULL
48,64,2015-01-07,$30,1,0,0,0,0,0,0,0,0,0,,2015-11-21,2015-11-21,Bridesmaids,,,,NULL,Ordered,NULL,NULL,NULL,0,NULL
49,65,2015-01-10,$30,1,1,0,0,0,0,0,0,0,1,,2015-10-24,2015-10-24,,,,,NULL,Ordered,NULL,NULL,NULL,1,NULL
50,66,2015-01-10,Cash,1,0,0,0,0,0,0,0,0,0,,2016-03-01,2016-03-01,Custom,,,,NULL,Expired,NULL,NULL,NULL,1,NULL
51,67,2015-01-16,$30,1,0,0,0,0,0,0,0,1,0,,2016-02-01,2016-01-31,Custom,,,,NULL,Expired,NULL,NULL,NULL,0,NULL
52,69,2015-01-17,$30,1,0,0,0,0,0,0,0,0,0,,2015-08-01,2015-08-01,Custom,,,,NULL,Ordered,NULL,NULL,NULL,0,NULL
53,70,2015-01-17,NA,0,0,0,0,0,0,0,0,0,1,through massey uni,2016-04-01,2016-03-30,Custom,,,,NULL,Ordered,NULL,NULL,NULL,1,NULL
54,73,2015-01-20,$30,1,1,0,0,0,0,0,0,0,1,Amy stevens,,2016-01-31,,,,,NULL,Expired,NULL,NULL,NULL,1,NULL
55,74,2015-01-22,NA,0,1,0,0,0,0,0,0,0,0,,2015-10-24,2015-10-24,Custom,Using Moms Dress,,,NULL,Ordered,NULL,NULL,NULL,0,NULL
56,75,2015-01-24,NA,0,0,0,0,0,0,0,0,1,0,mum asked coworkers ,2015-06-19,2015-06-19,Custom,,,,NULL,Expired,NULL,NULL,NULL,0,NULL
57,76,2015-01-24,NA,1,0,0,0,0,0,0,0,0,0,,2016-01-23,2015-12-23,Custom,,,,NULL,Ordered,NULL,NULL,NULL,1,NULL
58,77,2015-01-27,NA,1,0,0,0,0,0,0,0,0,0,,2016-03-04,2016-02-04,Custom,,,,NULL,Ordered,NULL,NULL,NULL,1,NULL
59,80,2015-01-31,$30,0,0,0,0,0,0,0,0,0,1,Always knew about us,2015-12-05,2015-12-05,Custom,,,,NULL,Expired,NULL,NULL,NULL,0,NULL
60,81,2015-01-31,Cash,0,0,0,0,0,0,0,0,1,0,Friend,2016-03-18,2016-03-18,,,,,NULL,Expired,NULL,NULL,NULL,0,NULL
61,82,2015-02-03,NA,1,0,0,0,0,0,0,0,0,0,,2015-07-10,2015-07-10,Custom,,,,NULL,Ordered,NULL,NULL,NULL,0,NULL
62,83,2015-02-04,$30,1,0,0,0,1,0,0,0,0,0,Wedding Wise,2015-11-28,2015-11-28,Collection,,,,NULL,Expired,NULL,NULL,NULL,0,NULL
63,84,2015-02-07,$30,1,0,0,0,0,0,0,0,0,0,,2015-07-24,2015-07-24,Custom,,,,NULL,Expired,NULL,NULL,NULL,0,NULL
64,85,2015-02-14,,0,0,0,0,0,0,0,0,1,0,Friend,2016-01-22,2016-01-22,Collection,Bloomfeild,,,NULL,Expired,NULL,NULL,NULL,1,NULL
65,86,2015-02-20,$30,1,0,0,0,0,0,0,0,0,0,,2016-03-26,2016-03-05,Collection,Rosella,,,NULL,Ordered,NULL,NULL,NULL,1,NULL
66,87,2015-02-20,Cash,1,0,0,0,0,0,0,0,0,0,,2016-03-20,2016-03-20,Custom,,,,NULL,Expired,NULL,NULL,NULL,1,NULL
67,88,2015-02-25,NA,0,0,0,0,0,0,0,0,0,1,Already stalked our gowns,2015-11-14,2015-10-30,Custom,based on Albertine,,,NULL,Ordered,NULL,NULL,NULL,0,NULL
68,89,2015-02-27,$30,0,0,0,0,0,0,0,0,1,0,,2016-02-27,2016-02-27,Custom,,,,NULL,Expired,NULL,NULL,NULL,1,NULL
69,90,2015-02-27,Cash,1,1,0,0,0,0,0,0,0,1,,2016-04-01,2016-04-01,,,,,NULL,Expired,NULL,NULL,NULL,1,NULL
70,91,2015-02-28,NA,0,0,0,0,0,0,0,0,1,0,made nephews wifes dress,2015-06-20,2015-06-20,Accessory,franchesca lace veil,,,NULL,Expired,NULL,NULL,NULL,0,NULL
71,92,2015-03-04,NA,0,0,0,0,0,0,0,0,0,0,,2015-10-10,2015-09-24,Custom,,,,NULL,Ordered,NULL,NULL,NULL,0,NULL
72,93,2015-03-04,$30,1,0,0,0,0,0,0,0,0,0,,2016-01-16,2016-01-16,Collection,Albertine ,,,NULL,Expired,NULL,NULL,NULL,1,NULL
73,94,2015-03-06,,0,0,0,1,0,0,0,0,0,0,,2015-08-22,2015-08-22,Collection,Marigold ,,,NULL,Ordered,NULL,NULL,NULL,0,NULL
74,95,2015-03-07,$30,1,0,0,0,0,0,0,0,0,0,,2015-09-05,2015-09-05,Custom,,,,NULL,Expired,NULL,NULL,NULL,0,NULL
75,96,2015-03-07,$30,0,0,0,0,0,0,0,0,1,0,Friend,2015-11-21,2015-11-21,Collection,Moonstone,,,NULL,Expired,NULL,NULL,NULL,0,NULL
76,97,2015-03-07,$30,0,0,0,0,0,0,0,0,1,0,,2016-02-13,2016-02-13,Collection,Rosella ,,,NULL,Expired,NULL,NULL,NULL,1,NULL
77,98,2015-03-14,$30,1,0,0,0,0,0,0,0,1,0,,2015-12-19,2015-11-28,Collection,Albertine/Camille,,,NULL,Ordered,NULL,NULL,NULL,0,NULL
78,99,2015-03-14,,0,0,0,0,0,0,0,0,0,0,,2015-12-19,2015-11-28,Bridesmaids,Dawn x3,,,NULL,Ordered,NULL,NULL,NULL,0,NULL
79,100,2015-03-14,$30,0,0,0,0,1,0,0,0,0,0,,2015-11-13,2015-11-13,Collection,Albertine,,,NULL,Expired,NULL,NULL,NULL,0,NULL
80,101,2015-03-14,$30,1,0,0,0,0,0,0,0,0,0,,2015-11-14,2015-11-14,Custom,based on Flora,,,NULL,Expired,NULL,NULL,NULL,0,NULL
81,102,2015-03-14,$30,0,0,0,0,0,0,0,0,1,0,Mum & another friend,2015-11-14,2015-11-14,Custom,based on Gardenia,,,NULL,Expired,NULL,NULL,NULL,0,NULL
82,103,2015-03-14,$30,1,0,0,0,0,0,0,0,0,0,,2015-12-31,2015-12-31,Collection,Daisy/PennyLane,,,NULL,Expired,NULL,NULL,NULL,0,NULL
83,104,2015-03-19,NA,1,1,0,0,0,0,0,0,0,1,Maire Lander,2016-01-09,2016-01-09,,,,,NULL,Ordered,NULL,NULL,NULL,1,NULL
84,105,2015-03-21,NA,1,0,0,0,0,0,0,0,1,0,,2015-09-26,2015-09-26,Collection,Rosella + BM ,,,NULL,Ordered,NULL,NULL,NULL,0,NULL
85,106,2015-03-25,Cash,0,0,0,0,0,0,0,0,1,0,Friend,2016-01-08,2016-01-08,Custom,,,,NULL,Expired,NULL,NULL,NULL,1,NULL
86,107,2015-03-26,$30,0,0,0,0,0,0,0,0,1,0,Lan and Emerson,2016-02-13,2016-01-13,Custom,,,,NULL,Ordered,NULL,NULL,NULL,1,NULL
87,108,2015-03-28,$30,0,0,0,0,0,0,0,0,0,0,,2015-11-28,2015-11-28,Custom,,,,NULL,Expired,NULL,NULL,NULL,0,NULL
88,109,2015-04-01,$30,1,0,0,0,0,0,0,0,0,0,,2016-04-15,2016-04-15,Custom,,,,NULL,Expired,NULL,NULL,NULL,1,NULL
89,110,2015-04-07,$30,0,0,0,0,0,0,0,0,1,0,,2016-01-09,2016-01-09,Custom,,,,NULL,Expired,NULL,NULL,NULL,1,NULL
90,111,2015-04-08,$30,0,1,0,0,0,0,0,0,0,0,,2015-09-26,2015-09-26,Collection,Marigold ,,,NULL,Ordered,NULL,NULL,NULL,0,NULL
91,113,2015-04-09,$30,0,0,0,0,1,0,0,0,0,0,,2015-12-19,2015-11-19,Collection,Albertine/Gloriana,,,NULL,Ordered,NULL,NULL,NULL,0,NULL
92,114,2015-04-10,Cash,0,0,0,0,0,0,0,0,1,0,,2016-01-08,2016-01-08,Custom,,,,NULL,Expired,NULL,NULL,NULL,1,NULL
93,115,2015-04-10,$30,0,0,0,0,1,0,0,0,0,0,,2016-03-19,2016-03-19,Collection,,,,NULL,Expired,NULL,NULL,NULL,1,NULL
94,116,2015-04-10,NA,0,0,0,0,1,0,0,0,0,0,,2016-04-23,2016-04-23,Collection,Florence ,,,NULL,Expired,NULL,NULL,NULL,1,NULL
95,117,2015-04-11,Cash,0,0,0,0,0,0,0,0,1,0,Friend,2015-12-19,2015-12-05,Custom,,,,NULL,Ordered,NULL,NULL,NULL,0,NULL
96,118,2015-04-11,$30,0,1,0,0,1,0,0,0,0,0,photographers,2016-03-24,2016-02-24,Custom,,,,NULL,Ordered,NULL,NULL,NULL,1,NULL
97,119,2015-04-11,NA,0,0,0,0,0,0,0,0,1,0,,2016-04-23,2016-04-08,Custom,,,,NULL,Ordered,NULL,NULL,NULL,1,NULL
98,120,2015-04-11,$30,1,0,0,0,0,0,0,0,0,0,,2016-03-12,2016-03-12,Bridesmaids,Amelia,,,NULL,Expired,NULL,NULL,NULL,0,NULL
99,121,2015-04-11,$30,1,0,0,0,0,0,0,0,0,0,,2016-03-26,2016-03-26,Collection,,,,NULL,Expired,NULL,NULL,NULL,1,NULL
100,122,2015-04-11,Cash,0,0,0,0,0,0,0,0,1,0,,2016-03-26,2016-03-26,Custom,,,,NULL,Expired,NULL,NULL,NULL,1,NULL
101,123,2016-10-20,,0,0,0,0,0,0,0,0,0,0,,2017-02-02,2016-12-22,,,,,NULL,Ordered,NULL,NULL,NULL,0,NULL
102,124,2016-10-20,,0,0,0,0,0,0,0,0,0,0,,2017-02-02,2016-12-22,,,,,NULL,Ordered,NULL,NULL,NULL,0,NULL
103,125,2016-10-20,,0,0,0,0,0,0,0,0,0,0,,2017-02-02,2016-12-22,,,,,NULL,Ordered,NULL,NULL,NULL,0,NULL
104,126,2015-04-14,$30,1,0,0,0,0,0,0,0,0,0,,2016-01-09,2016-01-09,Collection,Rosella ,,,NULL,Expired,NULL,NULL,NULL,1,NULL
105,127,2015-04-15,NA,1,0,0,0,0,0,0,0,1,0,,2015-11-07,2015-10-30,Bridesmaids,periwnkle colour,,,NULL,Ordered,NULL,NULL,NULL,0,NULL
106,128,2015-04-16,$30,1,0,0,0,0,0,0,0,0,0,,2015-09-26,2015-09-26,Collection,,,,NULL,Expired,NULL,NULL,NULL,0,NULL
107,129,2015-04-17,$30,1,0,0,0,0,0,0,0,0,0,,2015-09-12,2015-09-12,Collection,,,,NULL,Expired,NULL,NULL,NULL,0,NULL
108,130,2015-04-18,$30,1,0,0,0,0,0,0,0,1,0,Workmates,2015-11-13,2015-11-13,,,,,NULL,Expired,NULL,NULL,NULL,0,NULL
109,131,2015-04-18,$30,0,0,0,0,0,0,0,0,1,0,Friend,2016-01-22,2015-12-22,Custom,Albertine variation,,,NULL,Ordered,NULL,NULL,NULL,1,NULL
110,132,2015-04-18,,0,0,0,0,0,0,0,0,0,0,,2016-01-22,2015-12-22,Bridesmaids,Charlotte,,,NULL,Ordered,NULL,NULL,NULL,0,NULL
111,133,2015-04-18,$30,0,1,0,0,0,0,0,0,0,0,,2016-02-20,2016-02-12,Custom,Custom,,,NULL,Ordered,NULL,NULL,NULL,1,NULL
112,134,2015-04-18,$30,1,0,0,0,0,0,0,0,0,0,,2016-02-27,2016-02-27,,,,,NULL,Expired,NULL,NULL,NULL,0,NULL
113,135,2015-04-18,$30,0,0,0,0,1,0,0,0,0,0,,2016-05-13,2016-05-13,,,,,NULL,Expired,NULL,NULL,NULL,0,NULL
114,136,2015-04-19,,1,0,0,0,0,0,0,0,0,0,,2015-06-06,2015-06-06,Bridesmaids,Amber x2,,,NULL,Ordered,NULL,NULL,NULL,0,NULL
115,137,2015-04-21,,0,0,0,0,0,0,0,0,1,0,Primrose & Finch,2015-04-26,2015-04-26,Collection,Camille Sample ,,,NULL,Ordered,NULL,NULL,NULL,0,NULL
116,138,2015-04-21,$30,1,0,0,0,0,0,0,0,0,0,,2016-03-05,2016-03-05,,,,,NULL,Expired,NULL,NULL,NULL,0,NULL
117,139,2015-04-23,,1,0,0,0,0,0,0,0,0,0,,2016-01-15,2015-11-30,Bridesmaids,Amber & Bella,,,NULL,Ordered,NULL,NULL,NULL,0,NULL
118,140,2015-04-24,$30,1,0,0,0,0,0,0,0,1,0,,2016-01-23,2016-01-14,Collection,Marigold ,,,NULL,Ordered,NULL,NULL,NULL,1,NULL
119,141,2016-10-20,,0,0,0,0,0,0,0,0,0,0,,2017-02-02,2016-12-22,,,,,NULL,Expired,NULL,NULL,NULL,0,NULL
120,142,2016-10-20,,0,0,0,0,0,0,0,0,0,0,,2017-02-02,2016-12-22,,,,,NULL,Ordered,NULL,NULL,NULL,0,NULL
121,143,2015-04-29,NA,0,0,0,0,0,0,0,0,1,0,Friend,2016-01-18,2015-10-30,Bridesmaids,Georgia,,,NULL,Ordered,NULL,NULL,NULL,0,NULL
122,144,2015-05-02,$30,0,1,0,0,0,0,0,0,0,0,,2015-06-17,2015-06-17,Collection,Short dress,,,NULL,Ordered,NULL,NULL,NULL,0,NULL
123,145,2015-05-02,$30,0,0,0,0,0,0,0,0,1,0,,2016-01-09,2016-01-09,Collection,,,,NULL,Expired,NULL,NULL,NULL,1,NULL
124,146,2015-05-02,$30,0,0,0,0,0,0,0,1,0,0,,2016-02-07,2016-02-07,Collection,,,,NULL,Expired,NULL,NULL,NULL,1,NULL
125,147,2016-10-20,,0,0,0,0,0,0,0,0,0,0,,2017-02-02,2016-12-22,,,,,NULL,Ordered,NULL,NULL,NULL,0,NULL
126,148,2015-05-07,$30,1,1,0,0,0,0,0,0,0,1,,2015-11-04,2015-11-04,,,,,NULL,Expired,NULL,NULL,NULL,1,NULL
127,149,2015-05-09,NA,0,0,0,0,0,0,0,0,1,0,Brides on Thorndon,2015-07-10,2015-07-10,Bridesmaids,Charlotte (full length),,,NULL,Ordered,NULL,NULL,NULL,0,NULL
128,150,2015-05-09,$30,0,0,0,0,0,0,0,0,1,0,,2016-02-06,2016-02-06,,,,,NULL,Expired,NULL,NULL,NULL,0,NULL
129,151,2015-05-09,$30,0,0,0,0,0,0,0,0,1,0,Courtney Stevenson,2016-02-20,2016-02-20,,,,,NULL,Expired,NULL,NULL,NULL,0,NULL
130,152,2015-05-09,$30,1,0,0,0,0,0,0,0,0,0,,2016-03-18,2016-03-18,,,,,NULL,Expired,NULL,NULL,NULL,0,NULL
131,155,2015-05-15,$30,0,0,0,0,1,0,0,0,1,0,WOM/truly Madly,2016-01-22,2016-01-22,Custom,,,,NULL,Ordered,NULL,NULL,NULL,1,NULL
132,156,2015-05-16,NA,0,0,0,0,0,0,0,0,0,0,,2016-02-20,2016-01-20,Bridesmaids,BM + FG ,,,NULL,Ordered,NULL,NULL,NULL,0,NULL
133,157,2015-05-16,$30,0,1,0,0,0,0,0,0,1,0,,2016-01-09,2015-12-18,Accessory,Veil ,,,NULL,Ordered,NULL,NULL,NULL,0,NULL
134,158,2015-05-16,$30,0,0,0,0,0,1,0,0,0,0,,2016-02-06,2016-02-06,Collection,Marigold/Albertine,,,NULL,Expired,NULL,NULL,NULL,1,NULL
135,159,2015-05-16,$30,0,1,0,0,0,0,0,0,1,0,,2016-02-27,2016-02-27,Collection,,,,NULL,Expired,NULL,NULL,NULL,1,NULL
136,163,2015-05-30,$30,1,0,0,0,0,0,0,0,0,0,,2015-03-05,2015-03-05,Collection,,,,NULL,Expired,NULL,NULL,NULL,0,NULL
137,164,2015-05-30,Voucher,0,0,0,0,0,0,0,0,1,0,Chrissy,2016-01-16,2016-01-08,Collection,Penny Lane ,,,NULL,Ordered,NULL,NULL,NULL,1,NULL
138,165,2015-05-30,$30,1,0,0,0,0,0,0,0,0,0,,2016-02-13,2016-01-13,Collection,Bloomfield ,,,NULL,Ordered,NULL,NULL,NULL,1,NULL
139,166,2015-05-30,Voucher,0,0,0,0,0,0,1,0,0,0,Wellington,2016-03-12,2016-02-12,Custom,Gloriana,,,NULL,Ordered,NULL,NULL,NULL,1,NULL
140,170,2015-06-05,$30,1,0,0,0,0,0,0,0,0,0,,2015-10-16,2015-10-16,Custom,custom,,,NULL,Expired,NULL,NULL,NULL,0,NULL
141,171,2015-06-06,$30,1,0,0,0,0,0,0,0,0,0,,2015-12-12,2015-12-12,Collection,Diana (ivory) ,,,NULL,Expired,NULL,NULL,NULL,0,NULL
142,172,2015-06-06,$30,0,0,0,0,0,0,0,0,1,0,Friend,2016-01-09,2016-01-09,Collection,,,,NULL,Expired,NULL,NULL,NULL,1,NULL
143,173,2015-06-06,Voucher,0,0,0,0,0,0,1,0,0,0,Wellington,2015-12-05,2015-11-14,Collection,Diana,,,NULL,Ordered,NULL,NULL,NULL,0,NULL
144,174,2015-06-06,Voucher,0,0,0,0,0,0,1,0,0,0,Wellington,2015-12-19,2015-11-19,Bridesmaids,Elina,,,NULL,Ordered,NULL,NULL,NULL,0,NULL
145,175,2015-06-06,Voucher,0,0,0,0,1,0,0,0,0,0,,2016-02-13,2016-01-13,Collection,,,,NULL,Ordered,NULL,NULL,NULL,1,NULL
146,176,2015-06-10,$30,0,0,0,0,1,0,0,0,0,0,,2015-10-23,2015-10-23,Custom,,,,NULL,Expired,NULL,NULL,NULL,0,NULL
147,177,2015-06-10,Cash,1,1,0,0,0,0,0,0,0,0,,2016-02-20,2016-02-20,Collection,Gloriana/Albertine,,,NULL,Expired,NULL,NULL,NULL,1,NULL
148,179,2015-06-13,Voucher,0,0,0,0,0,0,0,0,1,0,Friend,2016-01-06,2016-01-06,Collection,Camille/Rosella,,,NULL,Expired,NULL,NULL,NULL,1,NULL
149,180,2015-06-13,Cash,0,0,0,0,1,0,0,0,0,0,Hello May,2016-03-11,2016-03-11,Custom,,,,NULL,Expired,NULL,NULL,NULL,1,NULL
150,181,2015-06-13,$30,0,0,0,0,0,0,0,0,1,0,Friend,2016-04-23,2016-04-23,Collection,Albertine/Grace,,,NULL,Expired,NULL,NULL,NULL,1,NULL
151,182,2015-06-19,Cash,0,0,0,0,0,0,0,0,1,0,,2016-01-16,2015-12-18,Collection,Rosella/Gloriana,,,NULL,Ordered,NULL,NULL,NULL,1,NULL
152,183,2015-06-19,,0,0,0,0,0,0,0,0,0,0,,2016-01-16,2015-12-18,Bridesmaids,Amelia x 2,,,NULL,Expired,NULL,NULL,NULL,0,NULL
153,184,2015-06-19,$30,0,0,0,0,0,0,0,0,1,0,Friend,2016-02-13,2016-02-13,,,,,NULL,Expired,NULL,NULL,NULL,0,NULL
154,185,2015-06-20,$30,0,0,0,0,1,0,0,0,0,0,Natalie McNally blog,2016-03-19,2016-02-19,Collection,Diana,,,NULL,Ordered,NULL,NULL,NULL,1,NULL
155,186,2015-06-24,$30,1,0,0,0,0,0,0,0,1,0,Natasha Ramathas,2016-10-01,2016-10-01,Collection,,,,NULL,Expired,NULL,NULL,NULL,1,NULL
156,187,2015-06-27,Voucher,0,0,0,0,0,0,1,0,0,0,Wellington,2016-01-15,2016-01-15,Collection,Kate & skirt,,,NULL,Expired,NULL,NULL,NULL,1,NULL
157,188,2015-06-27,$30,0,0,0,0,0,0,0,0,1,0,Friend,2016-01-16,2016-01-07,Custom,Custom ,,,NULL,Ordered,NULL,NULL,NULL,1,NULL
158,189,2015-06-27,$30,0,0,0,0,0,0,0,0,1,0,Friend,2016-01-31,2015-12-20,Collection,Marigold ,,,NULL,Ordered,NULL,NULL,NULL,1,NULL
159,190,2015-06-27,$30,0,0,0,0,0,0,0,0,0,1,wedding love,2016-01-16,2016-01-16,,,,,NULL,Expired,NULL,NULL,NULL,0,NULL
160,192,2015-06-27,$30,0,0,0,0,0,0,0,0,1,0,,2016-02-06,2016-02-06,Custom,,,,NULL,Ordered,NULL,NULL,NULL,1,NULL
161,194,2015-06-30,,1,0,0,0,0,0,0,0,0,0,,2016-03-26,2015-10-30,Bridesmaids,Amelia x3,,,NULL,Ordered,NULL,NULL,NULL,0,NULL
162,196,2015-07-02,,1,0,0,0,0,0,0,0,0,0,,2015-12-06,2015-09-30,Bridesmaids,Georgia x4,,,NULL,Ordered,NULL,NULL,NULL,0,NULL
163,198,2015-07-04,$30,0,0,0,0,1,0,0,0,0,0,Magnolia Rouge - Photoshoot (Billie Brook) ,2016-01-06,2015-12-06,Custom,,,,NULL,Ordered,NULL,NULL,NULL,1,NULL
164,199,2015-07-04,WS,0,0,0,0,0,0,1,1,0,0,,2016-01-30,2015-12-20,Collection,Albertine/pennylane,,,NULL,Ordered,NULL,NULL,NULL,1,NULL
165,200,2015-07-04,$30,1,0,0,0,0,0,0,0,0,0,,2016-02-13,2016-02-13,Custom,,,,NULL,Expired,NULL,NULL,NULL,1,NULL
166,201,2015-07-04,$30,1,0,0,0,0,0,0,0,0,0,,2016-04-09,2016-04-09,Collection,Rosella/Florence,,,NULL,Expired,NULL,NULL,NULL,1,NULL
167,202,2015-07-07,$30,0,0,0,0,0,0,0,0,1,0,,2016-02-05,2016-02-05,Collection,Audrey,,,NULL,Expired,NULL,NULL,NULL,1,NULL
168,203,2015-07-08,NA,0,0,0,0,0,0,0,0,0,0,,2016-03-25,2016-03-09,Custom,,,,NULL,Ordered,NULL,NULL,NULL,1,NULL
169,204,2015-07-08,,0,0,0,0,0,0,0,0,0,0,,2016-03-25,2016-03-09,Bridesmaids,Mia + Slip ,,,NULL,Ordered,NULL,NULL,NULL,0,NULL
170,205,2015-07-10,$30,1,0,0,0,0,0,0,0,0,0,Online via Mille Feuille ,2016-03-26,2016-02-26,Collection,Rosella ,,,NULL,Ordered,NULL,NULL,NULL,1,NULL
171,206,2015-07-11,NA,0,0,0,0,0,0,0,0,1,0,Anna Luke,2015-10-24,2015-10-24,Bridesmaids,Amelia (sapphire) ,,,NULL,Expired,NULL,NULL,NULL,0,NULL
172,207,2015-07-11,$30,0,0,0,0,0,0,0,0,0,0,,2016-03-05,2016-02-05,Collection,Rosella ,,,NULL,Ordered,NULL,NULL,NULL,1,NULL
173,208,2015-07-11,Voucher,0,0,0,0,0,0,1,0,0,0,Wellington,2016-02-20,2016-02-20,Collection,Rosella (possibly changing lace) ,,,NULL,Expired,NULL,NULL,NULL,1,NULL
174,209,2015-07-11,Voucher,0,0,0,0,0,0,0,0,1,0,Friend,2016-03-12,2016-03-12,Collection,,,,NULL,Expired,NULL,NULL,NULL,1,NULL
175,210,2015-07-11,$30,0,0,0,0,0,0,0,0,1,0,Friend,2016-12-17,2016-12-06,Custom,Audrey (varitaion) ,,,NULL,Ordered,NULL,NULL,NULL,1,NULL
176,211,2015-07-15,$30,1,0,0,0,0,0,0,0,0,0,,2017-01-01,2017-01-01,Custom,,,,NULL,Expired,NULL,NULL,NULL,1,NULL
177,212,2015-07-16,Voucher,1,0,0,0,0,0,0,0,0,0,,2016-09-10,2016-09-10,Custom,Audrey (variation) ,,,NULL,Expired,NULL,NULL,NULL,1,NULL
178,213,2015-07-17,Voucher,1,1,1,0,0,0,0,0,0,0,,2016-06-26,2016-05-26,Custom,,,,NULL,Ordered,NULL,NULL,NULL,1,NULL
179,214,2015-07-18,,1,0,0,0,0,0,0,0,0,0,,2015-09-19,2015-09-19,Collection,Lindee Rose ,,,NULL,Expired,NULL,NULL,NULL,0,NULL
180,215,2015-07-18,$30,1,0,0,0,0,0,0,0,1,0,Friends,2016-01-04,2016-01-04,Collection,,,,NULL,Expired,NULL,NULL,NULL,1,NULL
181,216,2015-07-18,Cash,1,0,0,0,0,0,0,0,0,0,,2016-03-26,2016-03-26,,,,,NULL,Expired,NULL,NULL,NULL,0,NULL
182,217,2015-07-18,$30,1,0,0,0,0,0,0,0,0,0,,2016-11-05,2016-11-05,,,,,NULL,Expired,NULL,NULL,NULL,0,NULL
183,220,2015-07-23,$30,1,0,0,0,0,0,0,0,0,0,,2015-12-08,2015-11-08,Collection,Flora ,,,NULL,Expired,NULL,NULL,NULL,0,NULL
184,221,2015-07-23,$30,1,0,0,0,0,0,0,0,0,0,,2017-02-04,2017-01-04,Custom,Teresa & Bette ,,,NULL,Ordered,NULL,NULL,NULL,1,NULL
185,222,2015-07-24,,0,0,0,0,0,0,0,0,1,0,Luella's,2016-05-07,2015-12-10,Collection,Rosella (white) ,,,NULL,Ordered,NULL,NULL,NULL,1,NULL
186,223,2015-07-24,$30,1,0,0,0,0,0,0,0,0,0,,2017-02-17,2017-02-17,Custom,custom,,,NULL,Expired,NULL,NULL,NULL,1,NULL
187,224,2015-07-25,$30,0,1,0,0,0,0,0,0,0,0,,2015-11-28,2015-11-28,Collection,,,,NULL,Expired,NULL,NULL,NULL,0,NULL
188,226,2015-07-25,$30,1,0,0,0,0,0,0,0,0,0,,2016-02-01,2016-02-01,Collection,Rosella,,,NULL,Ordered,NULL,NULL,NULL,1,NULL
189,227,2015-08-01,$30,0,0,0,0,0,0,0,0,1,0,Jess Ongley,2016-01-15,2015-12-15,Custom,Custom wedding dress (variation of Albertine),,,NULL,Ordered,NULL,NULL,NULL,1,NULL
190,228,2015-08-01,NA,0,0,0,0,0,0,0,0,0,0,,2016-01-15,2015-12-15,Bridesmaids,Charlotte (customized),,,NULL,Ordered,NULL,NULL,NULL,0,NULL
191,229,2015-08-01,$30,0,0,0,0,1,0,0,0,0,0,photographers website - Anna Munro,2016-02-13,2016-01-13,Custom,Custom (20th Wedding Anniversary),,,NULL,Ordered,NULL,NULL,NULL,1,NULL
192,230,2015-08-01,$30,1,0,0,0,0,0,0,0,0,0,,2016-04-02,2016-04-02,Collection,,,,NULL,Expired,NULL,NULL,NULL,1,NULL
193,237,2015-08-05,$30,1,0,0,0,0,0,0,0,0,0,,2016-03-19,2016-03-19,Custom,,,,NULL,Ordered,NULL,NULL,NULL,1,NULL
194,238,2017-05-17,,0,0,0,0,0,0,0,0,0,0,,2017-03-24,2017-08-15,Collection,Piper,,,NULL,Ordered,NULL,NULL,NULL,0,NULL
195,240,2015-08-07,$30,1,0,0,0,0,0,0,0,0,0,,2017-01-13,2016-12-13,Custom,,,,NULL,Expired,NULL,NULL,NULL,1,NULL
196,241,2015-08-07,$30,0,0,0,0,0,0,0,0,1,0,Friend,2016-04-01,2016-04-01,Collection, Albertine ,,,NULL,Ordered,NULL,NULL,NULL,1,NULL
197,244,2015-08-08,NA,0,0,0,0,0,0,0,0,0,1,Made her wedding dress ,2015-10-02,2015-10-02,Bridesmaids,,,,NULL,Ordered,NULL,NULL,NULL,0,NULL
198,245,2015-08-08,NA,0,0,0,0,0,0,0,0,1,0,Lucy Nicholas,2016-02-20,2016-02-12,Bridesmaids,Georgia x 2,,,NULL,Expired,NULL,NULL,NULL,0,NULL
199,246,2015-08-08,$30,0,0,0,0,0,0,0,0,0,0,,2016-04-02,2016-04-02,Collection,Billie,,,NULL,Ordered,NULL,NULL,NULL,1,NULL
200,247,2015-08-12,,0,0,0,0,0,0,0,0,1,0,Luellas ,2016-01-09,2015-11-25,Collection,Diana ,,,NULL,Ordered,NULL,NULL,NULL,1,NULL
201,248,2015-08-13,NA,0,0,0,0,0,0,0,0,0,1,Made her wedding dress :) ,2015-10-31,2015-10-31,Bridesmaids,,,,NULL,Expired,NULL,NULL,NULL,0,NULL
202,252,2015-08-14,$30,0,1,1,0,0,0,0,0,0,0,,2016-11-26,2016-10-26,Collection,Audrey,,,NULL,Ordered,NULL,NULL,NULL,1,NULL
203,254,2015-08-15,$30,0,0,0,0,0,0,1,0,0,0,Wellington,2016-04-05,2016-04-05,Collection,Gloriana,,,NULL,Expired,NULL,NULL,NULL,1,NULL
204,255,2015-08-15,Cash,1,0,0,0,0,0,0,0,0,0,,2016-02-27,2016-02-27,,,,,NULL,Expired,NULL,NULL,NULL,0,NULL
205,256,2015-08-15,$30,1,0,0,0,0,0,0,0,0,0,,2016-07-16,2016-07-16,,,,,NULL,Expired,NULL,NULL,NULL,0,NULL
206,257,2015-08-18,,0,0,0,0,0,0,0,0,1,0,celebrant,2015-12-11,2015-10-30,Bridesmaids,Bella x2 ,,,NULL,Ordered,NULL,NULL,NULL,0,NULL
207,258,2015-08-19,$30,0,0,0,0,0,0,0,0,0,1,,2015-11-30,2015-11-30,Collection,virginia + Agatha ,,,NULL,Ordered,NULL,NULL,NULL,0,NULL
208,261,2015-08-22,$30,1,0,0,0,0,0,0,0,0,0,,2016-02-13,2016-01-13,Collection,Rosella,,,NULL,Ordered,NULL,NULL,NULL,1,NULL
209,262,2015-08-22,Cash,0,0,0,0,1,0,0,0,0,0,,2016-11-05,2016-10-05,Collection,Marilyn,,,NULL,Ordered,NULL,NULL,NULL,1,NULL
210,263,2015-08-26,Cash,0,0,0,0,0,0,0,0,1,0,Photographer,2016-04-02,2016-04-02,Collection,Marilgold ,,,NULL,Expired,NULL,NULL,NULL,1,NULL
211,264,2015-08-29,$30,1,0,0,0,0,0,0,0,0,0,,2016-02-18,2016-02-18,Collection,Albertine,,,NULL,Expired,NULL,NULL,NULL,1,NULL
212,265,2015-08-29,,0,0,0,0,0,0,0,0,1,0,through Daughter Helen ,2015-10-10,2015-10-10,Bridesmaids,Lillian x 2,,,NULL,Ordered,NULL,NULL,NULL,0,NULL
213,266,2015-09-01,NA,0,0,0,0,0,0,0,0,0,0,,,,,,,,NULL,Expired,NULL,NULL,NULL,0,NULL
214,267,2015-09-02,NA,0,0,0,0,0,0,0,0,0,0,,2015-12-05,2015-11-15,Bridesmaids,Amber x 2,,,NULL,Ordered,NULL,NULL,NULL,0,NULL
215,268,2015-09-02,,0,0,0,0,0,0,0,0,0,0,,2015-12-05,2015-11-20,Bridesmaids,Amber x 5,,,NULL,Ordered,NULL,NULL,NULL,0,NULL
216,270,2015-09-08,NA,1,0,0,0,0,0,0,0,0,0,,2015-11-28,2015-11-20,Bridesmaids,Bella (maternity) ,,,NULL,Ordered,NULL,NULL,NULL,0,NULL
217,272,2015-09-09,$30,0,0,0,0,0,0,0,0,0,0,,2016-03-26,2016-03-26,Custom,custom ,,,NULL,Ordered,NULL,NULL,NULL,1,NULL
218,273,2015-09-10,NA,0,0,0,0,1,0,0,0,0,0,,2016-03-24,2016-03-24,Collection,,,,NULL,Expired,NULL,NULL,NULL,1,NULL
219,274,2015-09-11,$30,1,0,0,0,0,0,0,1,1,0,Sister,2016-03-18,2016-03-18,,,,,NULL,Expired,NULL,NULL,NULL,0,NULL
220,275,2015-09-12,NA,0,0,0,0,0,0,0,0,1,0,Justine Robertson ,2016-01-26,2015-12-20,Bridesmaids,Amber + Slip ,,,NULL,Ordered,NULL,NULL,NULL,0,NULL
221,276,2015-09-12,NA,0,0,0,0,0,0,0,0,1,0,Justine Robertson,2016-03-12,2016-01-30,Bridesmaids,Amber + Slip ,,,NULL,Ordered,NULL,NULL,NULL,0,NULL
222,277,2015-09-12,$30,1,0,0,0,0,0,0,0,0,0,,2016-02-19,2016-02-19,Collection,Gloriana (full lace) ,,,NULL,Expired,NULL,NULL,NULL,0,NULL
223,281,2015-09-16,$30,1,1,0,0,0,0,0,0,0,0,,2016-02-13,2016-02-13,Collection,Audrey ,,,NULL,Expired,NULL,NULL,NULL,1,NULL
224,282,2015-09-18,$30,0,0,0,0,0,0,0,0,1,0,,2016-03-05,2016-03-05,Collection,Diana ,,,NULL,Expired,NULL,NULL,NULL,1,NULL
225,283,2015-09-18,,1,0,0,0,0,0,0,0,0,0,,2015-12-20,2015-11-20,Bridesmaids,different x 6,,,NULL,Ordered,NULL,NULL,NULL,0,NULL
226,284,2015-09-19,NA,1,0,0,0,0,0,0,0,0,0,,2016-03-19,2016-02-23,Collection,Albertine/Gloriana,,,NULL,Ordered,NULL,NULL,NULL,1,NULL
227,285,2015-09-19,$30,1,0,0,0,0,0,0,0,0,0,,2016-04-02,2016-03-02,Bridesmaids,custom,,,NULL,Ordered,NULL,NULL,NULL,0,NULL
228,290,2015-09-25,Cash,1,0,0,0,0,0,0,0,0,0,,2016-03-05,2016-03-05,,,,,NULL,Expired,NULL,NULL,NULL,0,NULL
229,291,2015-09-26,$30,0,0,0,0,0,0,0,0,1,0,Rachel Lynsky,2016-01-02,2015-12-01,Collection,Flora/Florence,,,NULL,Ordered,NULL,NULL,NULL,1,NULL
230,292,2015-09-26,NA,1,0,0,0,0,0,0,0,1,0,,2016-02-06,2016-01-10,Bridesmaids,Amber ,,,NULL,Ordered,NULL,NULL,NULL,0,NULL
231,293,2015-09-26,$30,1,0,0,0,0,0,0,0,0,0,,2016-11-12,2016-11-12,,,,,NULL,Expired,NULL,NULL,NULL,0,NULL
232,296,2015-09-30,$30,1,0,0,0,0,0,0,0,0,0,,2016-01-09,2016-01-09,Collection,Albertine ,,,NULL,Expired,NULL,NULL,NULL,1,NULL
233,297,2015-09-30,Cash,0,0,0,0,0,0,0,0,0,0,,2016-03-13,2016-03-13,Collection,Florence ,,,NULL,Expired,NULL,NULL,NULL,1,NULL
234,298,2015-10-03,$30,0,0,0,0,0,0,0,0,1,0,,2016-04-02,2016-04-02,Custom,,,,NULL,Expired,NULL,NULL,NULL,1,NULL
235,299,2015-10-07,,1,0,0,0,0,0,0,0,0,0,,2016-01-01,2015-12-20,Bridesmaids,Amelia x 2,,,NULL,Ordered,NULL,NULL,NULL,0,NULL
236,301,2015-10-10,,0,0,0,0,0,0,0,0,0,0,,2016-02-13,2016-01-13,Bridesmaids,Elina (full length),,,NULL,Ordered,NULL,NULL,NULL,0,NULL
237,304,2015-10-15,,1,0,0,0,0,0,0,0,0,0,,2016-11-11,2016-10-11,Bridesmaids,,,,NULL,Expired,NULL,NULL,NULL,0,NULL
238,305,2015-10-16,,1,0,0,0,0,0,0,0,0,0,,2016-02-21,2016-01-16,Bridesmaids,Lillian & Elina,,,NULL,Ordered,NULL,NULL,NULL,0,NULL
239,306,2015-10-17,$30,0,0,0,0,1,0,0,0,0,0,,2016-01-09,2015-12-09,Collection,Billie,,,NULL,Expired,NULL,NULL,NULL,1,NULL
240,307,2015-10-17,$30,0,0,0,0,1,0,0,0,0,0,,2016-02-07,2016-02-07,Collection,,,,NULL,Expired,NULL,NULL,NULL,1,NULL
241,308,2015-10-17,$30,0,0,0,0,0,1,0,0,0,0,,2016-02-13,2016-02-13,Collection,,,,NULL,Expired,NULL,NULL,NULL,1,NULL
242,309,2015-10-17,$30,0,0,0,0,1,0,0,0,0,0,,2016-03-19,2016-02-19,Bridesmaids,Charlotte,,,NULL,Expired,NULL,NULL,NULL,0,NULL
243,310,2015-10-17,$30,0,0,0,0,1,0,0,0,0,0,SEB,2016-10-01,2016-10-01,Collection,,,,NULL,Expired,NULL,NULL,NULL,1,NULL
244,311,2015-10-21,,1,0,0,0,0,0,0,0,0,0,,2016-07-01,2016-01-30,Collection,Alterations to custom marigold,,,NULL,Ordered,NULL,NULL,NULL,1,NULL
245,312,2015-10-22,,0,0,0,0,0,0,0,0,1,0,Primrose & Finch,2016-02-12,2016-01-12,Bridesmaids,4 x different,,,NULL,Ordered,NULL,NULL,NULL,0,NULL
246,314,2015-10-24,$30,1,0,0,0,0,0,0,0,0,1,google maps,2016-03-11,2016-03-11,Collection,,,,NULL,Expired,NULL,NULL,NULL,1,NULL
247,315,2015-10-24,NA,1,0,0,0,0,0,0,0,0,0,,2016-02-27,2016-02-13,Bridesmaids,Alexis ,,,NULL,Ordered,NULL,NULL,NULL,0,NULL
248,317,2015-10-27,$30,0,0,1,0,0,0,0,0,0,0,,2016-10-01,2016-09-01,Collection,Diana/Florence + veil,,,NULL,Ordered,NULL,NULL,NULL,1,NULL
249,318,2015-10-28,$30,1,0,0,0,0,0,0,0,1,0,Candy Capco Photographer,2016-02-07,2016-02-07,,,,,NULL,Expired,NULL,NULL,NULL,0,NULL
250,322,2015-10-31,$30,0,0,0,0,0,0,0,0,1,0,Chelsey Lawson,2016-03-19,2016-02-27,Custom,Custom,,,NULL,Ordered,NULL,NULL,NULL,1,NULL
251,323,2015-10-31,$30,0,0,0,0,0,0,1,0,0,0,Wellington,2016-04-09,2016-03-09,Collection,Rosella/Flora,,,NULL,Ordered,NULL,NULL,NULL,1,NULL
252,324,2015-11-04,$30,0,0,0,0,0,0,0,0,1,0,Becky Slieker/Anna Gulbransen ,2016-03-19,2016-02-19,Collection,Marigold ,,,NULL,Expired,NULL,NULL,NULL,1,NULL
253,326,2016-11-03,,0,0,0,0,0,0,0,0,0,0,,,2017-01-20,,,,,NULL,Expired,NULL,NULL,NULL,0,NULL
254,330,2015-11-06,NA,1,0,0,0,0,0,0,0,0,0,,2016-02-13,,Bridesmaids,BM,,,NULL,Expired,NULL,NULL,NULL,0,NULL
255,332,2015-11-06,$30,0,0,0,0,0,0,0,0,1,0,Bridesmaids partner ,2016-12-03,2016-11-15,Collection,Diana ,,,NULL,Expired,NULL,NULL,NULL,1,NULL
256,335,2015-11-07,$30,0,0,0,0,0,0,0,0,1,0,Family Friends ,2016-03-05,2016-02-05,Collection,Glroriana,,,NULL,Expired,NULL,NULL,NULL,1,NULL
257,336,2015-11-10,$30,1,0,0,0,0,0,0,0,0,0,,2016-02-19,2016-02-03,Collection,Camille ,,,NULL,Ordered,NULL,NULL,NULL,1,NULL
258,337,2015-11-12,,1,0,0,0,0,0,0,0,0,0,,2016-02-20,2016-01-20,Bridesmaids,Mia ,,,NULL,Ordered,NULL,NULL,NULL,0,NULL
259,338,2015-11-13,$30,0,0,0,0,0,0,0,0,1,0,Through friend who've got dresses through us,2016-02-12,2016-01-12,Collection,Albertine,,,NULL,Expired,NULL,NULL,NULL,1,NULL
260,349,2015-11-14,Cash,1,0,0,0,0,0,0,0,0,0,,2016-02-27,2016-01-27,Bridesmaids,Amelia + Slip ,,,NULL,Expired,NULL,NULL,NULL,0,NULL
261,350,2015-11-14,$30,1,0,0,0,0,0,0,0,0,0,,2016-03-19,2016-02-19,Collection,Audrey,,,NULL,Expired,NULL,NULL,NULL,1,NULL
262,351,2015-11-14,Cash,0,0,0,0,0,0,0,0,1,0,"Maree Badger, Website ",2016-03-28,2016-02-28,Collection,Audrey/Gloriana,,,NULL,Expired,NULL,NULL,NULL,1,NULL
263,352,2015-11-14,$30,0,0,0,0,0,0,0,0,1,0,via her sister and colleagues,2016-03-26,2016-03-03,Collection,Gloriana/Diana ,,,NULL,Ordered,NULL,NULL,NULL,1,NULL
264,353,2015-11-14,$30,0,0,0,0,0,0,0,0,1,0,Christchurch bridal boutique,2016-11-05,2016-10-05,Collection,Camille ,,,NULL,Ordered,NULL,NULL,NULL,1,NULL
265,356,2015-11-19,Voucher,0,0,0,0,0,0,0,0,0,0,,2016-01-07,2015-12-18,Bridesmaids,Amelia ,,,NULL,Expired,NULL,NULL,NULL,0,NULL
266,357,2015-11-19,NA,0,0,1,0,0,0,0,0,0,0,,2016-04-21,2016-04-08,Custom,custom,,,NULL,Ordered,NULL,NULL,NULL,1,NULL
267,358,2015-11-20,$30,0,0,0,0,0,0,0,0,1,0,friends,2016-03-05,2016-02-05,Bridesmaids,,,,NULL,Expired,NULL,NULL,NULL,0,NULL
268,359,2015-11-21,NA,1,0,0,0,0,0,1,0,0,0,,2016-02-13,2016-01-13,Accessory,,,,NULL,Expired,NULL,NULL,NULL,0,NULL
269,360,2015-11-21,$30,0,0,0,0,0,0,0,0,1,0,Ashleigh!,2016-07-16,2016-06-16,Collection,,,,NULL,Expired,NULL,NULL,NULL,1,NULL
270,361,2015-11-21,$30,0,0,0,0,0,0,0,0,1,0,From a friend,2017-01-20,2016-12-20,Collection,,,,NULL,Expired,2016-10-14,NULL,NULL,1,NULL
271,364,2015-11-24,NA,0,0,0,0,0,0,0,0,0,0,,2016-01-18,2015-12-18,Bridesmaids,Flowergirl,,,NULL,Ordered,NULL,NULL,NULL,0,NULL
272,365,2015-11-24,NA,0,0,0,0,0,0,0,0,0,0,,2016-11-26,2016-10-26,Bridesmaids,Penelope&Belle,,,NULL,Expired,NULL,NULL,NULL,0,NULL
273,366,2015-11-28,$30,1,0,0,0,0,0,0,0,0,0,,2016-06-11,2016-05-11,Collection,Diana,,,NULL,Expired,NULL,NULL,NULL,1,NULL
274,367,2015-11-28,NA,1,0,0,1,0,0,0,0,0,0,,2016-02-27,2016-01-27,Bridesmaids,Dawn ,,,NULL,Ordered,NULL,NULL,NULL,0,NULL
275,368,2015-12-04,NA,1,0,0,0,0,0,0,0,0,0,,2016-02-13,2016-01-13,Bridesmaids,Georgia,,,NULL,Ordered,NULL,NULL,NULL,0,NULL
276,369,2015-12-05,Cash,0,0,0,0,1,0,0,0,0,0,,2016-04-29,2016-03-29,Collection,,,,NULL,Expired,NULL,NULL,NULL,1,NULL
277,372,2015-12-12,$30,1,0,0,0,0,0,0,0,0,0,,2016-07-30,2016-06-30,Collection,Custom,,,NULL,Ordered,NULL,NULL,NULL,1,NULL
278,376,2015-12-16,NA,0,0,0,0,0,0,0,0,1,0,Uni with Sally ,2016-04-02,2016-03-16,Collection,Rosella ,,,NULL,Ordered,NULL,NULL,NULL,1,NULL
279,378,2015-12-18,$30,1,0,0,0,0,0,0,0,0,0,,2016-12-31,2016-11-30,Collection,,,,NULL,Expired,NULL,NULL,NULL,1,NULL
280,379,2015-12-19,NA,0,0,0,0,0,0,0,0,1,0,Friend ,2016-04-16,2016-04-08,Bridesmaids,Amelia + slip,,,NULL,Ordered,NULL,NULL,NULL,0,NULL
281,380,2015-12-22,NA,1,0,0,0,0,0,0,0,0,0,,2016-08-20,2016-06-20,Collection,,,,NULL,Expired,NULL,NULL,NULL,1,NULL
282,381,2015-12-23,NA,1,0,0,0,0,0,0,0,0,0,,2016-12-17,2016-11-17,Collection,,,,NULL,Expired,NULL,NULL,NULL,1,NULL
283,382,2016-01-07,NA,1,0,0,0,0,0,0,0,0,0,,2017-02-17,2017-01-17,Collection,,,,NULL,Expired,NULL,NULL,NULL,1,NULL
284,383,2016-01-08,$30,1,0,0,0,0,0,0,0,0,0,,2017-04-29,2017-03-29,Custom,,,,NULL,Expired,2016-11-05,NULL,NULL,0,NULL
285,384,2016-01-09,$30,0,0,0,0,0,0,0,0,0,0,,2016-03-26,2016-02-26,,,,,NULL,Expired,NULL,NULL,NULL,0,NULL
286,387,2016-01-12,$30,1,0,0,0,0,0,0,0,0,0,,2017-02-18,2017-01-18,Custom,,,,NULL,Expired,NULL,NULL,NULL,1,NULL
287,391,2016-01-13,$30,1,0,0,0,0,0,0,0,0,0,,2017-03-18,2017-02-11,Collection,Rosella variation,,,NULL,Ordered,NULL,NULL,NULL,0,NULL
288,392,2016-01-14,NA,0,0,0,0,0,0,0,0,0,0,,2016-03-12,2016-02-12,,,,,NULL,Ordered,NULL,NULL,NULL,0,NULL
289,393,2016-01-14,NA,1,0,0,0,0,0,0,1,0,0,,2016-05-01,2016-04-01,,,,,NULL,Expired,NULL,NULL,NULL,0,NULL
290,395,2016-01-15,$30,1,0,0,0,0,0,0,0,0,0,,2016-06-11,2016-05-11,Collection,,,,NULL,Expired,NULL,NULL,NULL,1,NULL
291,396,2016-01-15,$30,0,0,0,0,1,0,0,0,0,0,,2016-07-30,2016-06-30,Custom,,,,NULL,Ordered,NULL,NULL,NULL,1,NULL
292,427,2016-01-16,$30,1,0,0,0,0,0,0,0,0,0,,2017-03-11,2017-02-11,Collection,,,,NULL,Expired,2016-10-14,NULL,NULL,0,NULL
293,429,2016-01-19,NA,1,0,0,0,0,0,0,0,0,0,,2016-04-23,2016-03-23,Bridesmaids,Georgia ,,,NULL,Expired,NULL,NULL,NULL,0,NULL
294,431,2016-01-23,$30,0,0,0,0,0,0,0,0,1,0,Word of mouth,2016-10-22,2016-09-22,Collection,Custom,,,NULL,Ordered,NULL,NULL,NULL,1,NULL
295,432,2016-01-26,Cash,1,0,0,0,0,0,0,1,0,0,,2016-07-02,2016-06-02,Custom,,,,NULL,Expired,NULL,NULL,NULL,1,NULL
296,437,2016-01-30,Cash,0,0,0,0,0,0,0,0,1,0,friends,2016-10-15,2016-09-15,Collection,custom,,,NULL,Expired,NULL,NULL,NULL,1,NULL
297,438,2016-01-30,Cash,1,0,0,0,0,0,0,0,0,0,,2016-12-17,2016-11-17,Collection,,,,NULL,Expired,NULL,NULL,NULL,1,NULL
298,439,2016-02-02,$30,0,0,0,0,0,0,0,0,1,0,colleague ,2016-05-21,2016-04-21,Collection,,,,NULL,Expired,NULL,NULL,NULL,1,NULL
299,440,2016-02-02,$30,0,0,0,0,0,0,0,0,1,0,Mille Feuille ,2017-03-04,2017-02-04,Custom,,,,NULL,Ordered,NULL,NULL,NULL,0,NULL
300,442,2016-02-04,$30,0,0,0,0,1,0,0,0,1,0,,2017-01-07,2016-12-07,Custom,,,,NULL,Expired,NULL,NULL,NULL,1,NULL
301,444,2016-02-13,$30,0,0,0,0,0,0,0,0,1,0,Courtney Horwood Photographer,2016-10-22,2016-09-22,Collection,Rosella ,,,NULL,Ordered,NULL,NULL,NULL,1,NULL
302,445,2016-02-13,$30,0,1,1,0,0,0,0,0,1,0,,2016-12-15,2016-11-30,Collection,Julia ,,,NULL,Ordered,NULL,NULL,NULL,1,NULL
303,446,2016-02-13,$30,0,0,0,0,0,0,0,0,1,0,Friend,2017-02-04,2017-01-04,Collection,,,,NULL,Expired,NULL,NULL,NULL,1,NULL
304,447,2016-02-13,$30,0,0,0,0,0,0,0,1,0,0,,2017-01-07,2016-12-07,Collection,,,,NULL,Expired,NULL,NULL,NULL,1,NULL
305,448,2016-02-13,$30,0,1,0,0,1,0,0,1,0,0,,,,Collection,,,,NULL,Expired,NULL,NULL,NULL,0,NULL
306,451,2016-10-20,,0,0,0,0,0,0,0,0,0,0,,,,,,,,NULL,Expired,NULL,NULL,NULL,0,NULL
307,452,2016-10-20,,0,0,0,0,0,0,0,0,0,0,,,,,,,,NULL,Expired,NULL,NULL,NULL,0,NULL
308,453,2016-10-20,,0,0,0,0,0,0,0,0,0,0,,,,,,,,NULL,Expired,NULL,NULL,NULL,0,NULL
309,454,2016-10-20,,0,0,0,0,0,0,0,0,0,0,,,,,,,,NULL,Expired,NULL,NULL,NULL,0,NULL
310,455,2016-02-19,NA,1,0,0,0,0,0,0,0,0,0,,2016-04-15,2016-04-08,Bridesmaids,Bella ,,,NULL,Ordered,NULL,NULL,NULL,0,NULL
311,456,2016-02-20,$30,0,0,0,0,0,0,0,0,1,0,Friend,2016-09-05,2016-07-30,Collection,Billie,,,NULL,Expired,NULL,NULL,NULL,1,NULL
312,457,2016-02-20,$30,0,1,0,0,0,0,0,0,0,0,,2017-01-14,2016-12-14,Custom,,,,NULL,Ordered,NULL,NULL,NULL,1,NULL
313,458,2016-02-20,$30,0,0,0,0,0,0,0,0,1,0,,2017-02-04,2017-01-04,Custom,,,,NULL,Expired,2016-11-05,NULL,NULL,1,NULL
314,459,2016-02-20,$30,0,0,0,0,0,1,0,0,0,0,,2017-02-04,2017-01-04,Collection,Bloomfeild ,,,NULL,Expired,NULL,NULL,NULL,1,NULL
315,460,2016-02-20,$30,1,0,0,0,0,0,0,0,1,0,Jenna Wara,2017-02-18,2017-01-18,Collection,Bluebell  - Pintuck skirt,,,NULL,Expired,NULL,NULL,NULL,1,NULL
316,461,2016-02-23,$30,1,0,0,0,0,0,0,0,0,0,,2017-02-17,2017-01-17,Custom,,,,NULL,Expired,2016-11-05,NULL,NULL,1,NULL
317,462,2016-02-25,NA,0,0,0,0,0,0,0,0,0,0,,2016-05-06,2016-04-06,Accessory,Birdcage veil ,,,NULL,Expired,NULL,NULL,NULL,0,NULL
318,463,2016-10-20,,0,0,0,0,0,0,0,0,0,0,,,,,,,,NULL,Ordered,NULL,NULL,NULL,0,NULL
319,464,2016-02-27,$30,0,1,0,0,0,0,0,0,0,0,,2017-02-04,2016-12-22,Collection,Gloriana ,,,NULL,Expired,2016-11-05,NULL,NULL,1,NULL
320,465,2016-02-27,$30,0,0,0,0,0,0,0,0,1,0,,2017-03-25,2017-02-25,Collection,,,,NULL,Expired,NULL,NULL,NULL,0,NULL
321,466,2016-02-27,Cash,0,0,0,0,0,0,0,0,0,0,,,,,,,,NULL,Expired,NULL,NULL,NULL,0,NULL
322,468,2016-03-02,NA,0,0,0,0,0,0,0,0,1,0,Mille Feuille,2017-02-04,2017-01-04,Bridesmaids,Custom Flowergirl,,,NULL,Expired,NULL,NULL,NULL,0,NULL
323,469,2016-03-03,Cash,0,0,0,0,0,0,0,0,1,0,,2017-03-11,2017-02-11,,,,,NULL,Expired,NULL,NULL,NULL,0,NULL
324,470,2016-03-04,$30,0,1,1,1,0,0,0,0,0,0,,2017-02-18,2017-01-18,,,,,NULL,Expired,NULL,NULL,NULL,0,NULL
325,471,2016-03-05,$30,0,0,0,0,0,0,0,0,1,0,Fiance ,2016-10-01,2016-09-01,Custom,Rosella/Penylane,,,NULL,Expired,NULL,NULL,NULL,1,NULL
326,472,2016-03-05,$30,1,0,0,0,0,1,0,0,0,0,,2016-12-31,2016-11-30,Collection,Rosella/Audrey,,,NULL,Ordered,NULL,NULL,NULL,1,NULL
327,473,2016-03-10,$30,0,0,0,0,0,0,0,0,1,0,,2016-10-15,2016-09-15,Collection,,,,NULL,Expired,NULL,NULL,NULL,1,NULL
328,474,2016-03-10,$30,1,0,0,0,0,0,0,1,0,0,,2017-02-18,2017-01-18,Custom,,,,NULL,Ordered,NULL,NULL,NULL,1,NULL
329,475,2016-03-10,,0,0,0,0,0,0,0,0,0,0,,2017-02-18,2017-01-18,Bridesmaids,Lillian,,,NULL,Ordered,NULL,NULL,NULL,0,NULL
330,476,2016-03-12,$30,0,0,0,1,0,0,0,0,0,0,,2016-08-17,2016-07-17,Collection,Florence ,,,NULL,Expired,NULL,NULL,NULL,1,NULL
331,477,2016-03-12,$30,1,0,0,0,0,0,0,0,0,0,,2016-08-06,2016-07-06,Collection,Audrey,,,NULL,Ordered,NULL,NULL,NULL,1,NULL
332,478,2016-03-12,$30,1,0,0,0,0,0,0,0,1,0,,2016-09-03,2016-08-03,Collection,Grace ,,,NULL,Ordered,NULL,NULL,NULL,1,NULL
333,479,2016-03-12,$30,1,0,0,0,0,0,0,0,0,0,,2017-01-28,2016-12-28,Custom,,,,NULL,Expired,NULL,NULL,NULL,1,NULL
334,480,2016-03-17,Cash,1,1,0,0,0,0,0,0,0,0,,2017-03-26,2017-02-25,Collection,Albertine,,,NULL,Ordered,NULL,NULL,NULL,0,NULL
335,481,2016-03-18,$30,1,0,0,0,0,0,0,0,1,0,Melbourne stockist,2017-04-08,2017-03-08,Collection,Rosella/Audrey,,,NULL,Expired,2016-10-14,NULL,NULL,0,NULL
336,482,2016-03-19,$30,0,0,0,0,0,0,0,0,1,0,friend/family,2016-05-14,2016-04-14,Collection,,,,NULL,Expired,NULL,NULL,NULL,1,NULL
337,483,2016-03-19,$30,1,0,0,0,0,0,0,0,0,0,,2016-12-10,2016-11-23,Collection,Billie,,,NULL,Ordered,NULL,NULL,NULL,1,NULL
338,484,2016-03-19,$30,0,0,0,0,0,1,0,0,0,0,,2017-03-04,2017-02-04,Collection,Florence ,,,NULL,Expired,NULL,NULL,NULL,0,NULL
339,485,2016-03-23,$30,1,1,0,0,0,0,0,0,0,0,,2017-02-18,2017-01-21,Collection,Audrey,,,NULL,Ordered,NULL,NULL,NULL,1,NULL
340,486,2016-03-24,$30,0,0,1,1,0,0,0,0,0,0,,2016-11-19,2016-10-19,Collection,Florence ,,,NULL,Expired,NULL,NULL,NULL,1,NULL
341,487,2016-03-26,$30,1,0,0,0,0,0,0,0,0,0,,2017-01-28,2016-12-28,Collection,Billie ,,,NULL,Expired,NULL,NULL,NULL,1,NULL
342,488,2016-03-26,$30,0,0,0,0,0,0,0,0,1,0,friend,2017-02-25,2017-02-21,Collection,Rosella (customised),,,NULL,Ordered,NULL,NULL,NULL,1,NULL
343,490,2016-03-31,$30,0,1,0,0,0,0,0,0,0,0,,2017-01-21,2017-01-13,Custom,,,,NULL,Ordered,NULL,NULL,NULL,1,NULL
344,493,2016-04-02,$30,1,0,0,0,0,0,0,0,0,0,,2016-11-26,2016-11-10,Collection,Diana ,,,NULL,Ordered,NULL,NULL,NULL,1,NULL
345,494,2016-04-02,$30,1,0,0,0,0,0,0,0,0,0,,2017-02-04,2017-01-04,Collection,Florence/Gloriana,,,NULL,Ordered,NULL,NULL,NULL,1,NULL
346,495,2016-04-02,$30,0,0,0,0,0,0,0,0,0,0,,2017-02-04,2017-01-04,Collection,Florence variation ,,,NULL,Expired,NULL,NULL,NULL,1,NULL
347,496,2016-04-02,$30,0,0,0,0,0,0,0,0,1,0,Bille Brook,2017-03-18,2017-02-18,Collection,,,,NULL,Expired,2016-10-14,NULL,NULL,0,NULL
348,497,2016-04-02,$30,0,0,0,0,0,0,0,0,1,0,Emma Coddington,2017-12-22,2016-12-22,Collection,Grace w Agatha skirt,,,NULL,Ordered,NULL,NULL,NULL,0,NULL
349,498,2016-04-06,$30,0,1,0,0,0,0,0,0,0,0,,2016-08-19,2016-07-19,Collection,Felicia + Lindee Rose ,,,NULL,Ordered,NULL,NULL,NULL,1,NULL
350,499,2016-04-08,$30,1,0,0,0,0,0,0,0,0,0,,2016-09-03,2016-08-03,Collection,Poppy,,,NULL,Expired,NULL,NULL,NULL,1,NULL
351,500,2016-04-08,NA,0,0,0,0,0,0,0,0,1,0,Margaret Topping,2017-01-07,2016-12-07,Custom,,,,NULL,Expired,NULL,NULL,NULL,1,NULL
352,501,2016-04-09,$30,1,0,0,0,0,0,0,0,0,0,,2016-10-29,2016-09-29,Collection,,,,NULL,Expired,NULL,NULL,NULL,1,NULL
353,502,2016-04-09,Cash,1,0,0,1,0,0,0,0,0,0,,2016-11-26,2016-10-26,Collection,,,,NULL,Expired,NULL,NULL,NULL,1,NULL
354,503,2016-04-09,NA,1,0,0,0,0,0,0,0,0,0,,2016-11-26,2016-10-26,Bridesmaids,Lillian,,,NULL,Ordered,NULL,NULL,NULL,0,NULL
355,504,2015-04-27,,0,0,0,0,0,0,0,0,0,0,,,,Collection,Camille,,,NULL,,2016-10-14,NULL,NULL,0,NULL
356,505,2016-04-12,$30,1,0,0,0,0,0,0,0,0,0,,2018-01-01,2017-12-01,Custom,,,,NULL,Expired,NULL,NULL,NULL,0,NULL
357,506,2016-04-15,$30,1,0,0,0,0,0,0,0,0,0,,2017-01-14,2016-12-14,Collection,Diana - ivory,,,NULL,Expired,NULL,NULL,NULL,1,NULL
358,507,2016-04-16,$30,0,0,0,0,0,0,0,0,1,0,Brooke brown ,2017-11-01,2017-10-01,Collection,Jacqueline ,,,NULL,Email,2016-05-11,NULL,NULL,0,NULL
359,509,2016-04-19,$30,0,1,0,0,0,0,0,0,0,0,,2017-01-28,2016-12-28,Collection,Albertine ,,,NULL,Expired,NULL,NULL,NULL,1,NULL
360,510,2016-04-22,$30,0,1,0,0,1,0,0,0,1,0,,2016-12-31,2016-11-30,Collection,Grace (customized) ,,,NULL,Ordered,NULL,NULL,NULL,1,NULL
361,511,2016-04-22,$30,1,0,0,0,0,0,0,0,0,0,,2017-03-31,2017-02-28,Custom,,,,NULL,Expired,2016-10-14,NULL,NULL,0,NULL
362,512,2016-04-23,$30,0,0,0,0,0,0,0,0,1,0,Stephanie Knock ,2016-11-12,2016-10-12,Collection,Billie ,,,NULL,Expired,NULL,NULL,NULL,1,NULL
363,513,2016-04-23,NA,1,0,0,0,0,0,0,0,0,0,,2016-08-20,2016-07-20,Bridesmaids,Amelia ,,,NULL,Ordered,NULL,NULL,NULL,0,NULL
364,514,2016-04-23,$30,1,0,0,0,0,0,0,0,0,0,,2017-01-21,2016-12-21,Collection,,,,NULL,Expired,NULL,NULL,NULL,1,NULL
365,515,2016-04-23,$30,0,1,0,0,0,0,0,0,0,0,,2017-01-28,2016-12-28,Collection,Billie/Moonstone,,,NULL,Expired,NULL,NULL,NULL,1,NULL
366,516,2016-04-23,$30,1,0,0,0,0,0,0,0,0,0,,2017-02-03,2017-01-03,Collection,Billie/Diana,,,NULL,Expired,NULL,NULL,NULL,1,NULL
367,517,2016-04-23,$30,1,0,0,0,0,0,0,0,0,0,,2017-02-04,2017-01-04,Collection,Florence ,,,NULL,Expired,2016-10-14,NULL,NULL,1,NULL
368,518,2016-04-23,Cash,1,0,0,0,0,0,0,0,0,0,,2018-03-03,2018-02-03,Collection,Billie variation ,,,NULL,,2016-10-14,NULL,NULL,0,NULL
369,519,2016-04-23,$30,0,0,0,1,0,0,0,1,0,0,,2017-03-17,2017-02-17,Collection,Diana ,,,NULL,Paperswan Bride,NULL,NULL,NULL,0,NULL
370,520,2016-04-28,$30,1,1,0,0,0,0,0,0,0,1,Kate Wills,2017-01-29,2017-01-29,,,,,NULL,Ordered,NULL,NULL,NULL,1,NULL
371,521,2016-04-29,$30,0,0,0,0,0,0,0,0,1,0,friends ,2017-03-11,2017-02-11,Custom,,,,NULL,Ordered,NULL,NULL,NULL,0,NULL
372,522,2016-04-30,$30,0,0,0,0,0,1,0,0,0,0,,2016-11-26,2016-10-26,Collection,,,,NULL,Expired,NULL,NULL,NULL,1,NULL
373,523,2016-04-30,$30,1,1,1,0,0,0,0,0,0,0,,2016-09-02,2016-08-02,Collection,Billie ,,,NULL,Ordered,NULL,NULL,NULL,1,NULL
374,524,2016-04-30,$30,1,0,0,0,0,0,0,0,0,0,,2017-01-07,2016-11-30,Bridesmaids,"Bella, Alexis",,,NULL,Ordered,NULL,NULL,NULL,0,NULL
375,525,2016-04-30,$30,0,0,0,0,0,0,0,0,1,0,,2017-02-25,2017-01-14,Collection,Rosella (customized),,,NULL,Ordered,NULL,NULL,NULL,1,NULL
376,526,2016-05-04,WS,0,0,0,0,0,0,1,1,0,0,bride & groom,2016-10-22,2016-09-22,Collection,Diana ,,,NULL,Ordered,NULL,NULL,NULL,1,NULL
377,528,2016-05-06,WS,1,0,0,0,0,0,1,0,0,0,WWS,2016-11-26,2016-10-26,Collection,,,,NULL,Expired,NULL,NULL,NULL,1,NULL
378,529,2016-05-06,$30,0,0,0,0,0,0,0,0,1,0,Primrose & Finch,2017-02-11,2017-01-11,Collection,Gloriana,,,NULL,Expired,NULL,NULL,NULL,1,NULL
379,530,2016-05-06,$30,1,0,0,0,0,0,0,0,0,0,,2017-02-25,2017-01-27,Collection,Billie (customized) ,,,NULL,Ordered,NULL,NULL,NULL,1,NULL
380,531,2016-05-07,$30,1,0,0,0,0,0,0,0,0,0,,2016-10-01,2016-08-13,Collection,,,,NULL,Expired,NULL,NULL,NULL,1,NULL
381,532,2016-05-07,$30,0,1,0,0,1,0,0,0,0,0,,2017-01-03,2016-12-03,Collection,Billie (strapless) ,,,NULL,Expired,NULL,NULL,NULL,1,NULL
382,533,2016-05-07,$30,1,0,0,0,0,0,0,0,0,0,,2016-11-25,2016-10-25,Bridesmaids,,,,NULL,Ordered,NULL,NULL,NULL,0,NULL
383,534,2016-05-07,$30,1,1,0,0,0,0,0,0,0,0,,2016-12-09,2016-11-12,Collection,Marigold (customized),,,NULL,Ordered,NULL,NULL,NULL,1,NULL
384,535,2016-05-07,$30,1,1,0,0,0,0,0,0,0,0,,2016-12-15,2016-11-30,Custom,custom ,,,NULL,Ordered,NULL,NULL,NULL,1,NULL
385,536,2016-05-13,NA,1,0,0,0,0,0,0,0,1,0,Primrose & Finch,2016-09-03,2016-08-03,Collection,Elsie ,,,NULL,Expired,NULL,NULL,NULL,1,NULL
386,538,2016-05-13,Cash,0,0,0,0,0,0,0,1,0,0,bride & groom,2018-02-01,2018-01-01,Collection,,,,NULL,Expired,NULL,NULL,NULL,0,NULL
387,539,2016-05-14,WS,0,0,0,0,0,0,1,0,0,0,Wellington,2016-07-01,2016-06-14,Accessory,Veil ,,,NULL,Ordered,NULL,NULL,NULL,0,NULL
388,540,2016-05-14,$30,1,0,0,0,0,0,0,0,0,0,,2017-01-06,2016-12-06,Collection,Tea length ,,,NULL,Expired,2016-10-14,NULL,NULL,1,NULL
389,541,2016-05-14,$30,1,0,0,0,0,0,0,0,0,0,,2017-03-25,2017-02-25,Collection,Diana ,,,NULL,Ordered,NULL,NULL,NULL,0,NULL
390,542,2016-05-14,$30,0,0,0,0,0,0,0,0,1,0,Through friends ,,,Collection,,,,NULL,Expired,NULL,NULL,NULL,0,NULL
391,546,2016-05-18,WS,0,0,0,0,0,0,1,0,0,0,Wellington,2017-02-04,2017-01-04,Collection,,,,NULL,Ordered,NULL,NULL,NULL,1,NULL
392,549,2016-05-20,NA,0,0,0,0,0,0,0,0,1,0,Yvette Edwards ,2017-03-22,2017-01-15,Bridesmaids,,,,NULL,Ordered,NULL,NULL,NULL,0,NULL
393,550,2016-05-21,Cash,1,1,0,0,0,0,0,0,0,0,,2016-11-19,2016-10-19,Collection,Audrey/Rosella,,,NULL,Expired,NULL,NULL,NULL,1,NULL
394,551,2016-05-21,$30,0,1,0,0,0,0,0,0,0,0,,2016-11-26,2016-10-26,Collection,Billie ,,,NULL,Expired,NULL,NULL,NULL,1,NULL
395,552,2016-05-21,$30,0,0,0,0,0,0,0,0,1,0,,2016-10-22,2016-09-22,Custom,Albertine customized,,,NULL,Ordered,NULL,NULL,NULL,1,NULL
396,553,2016-05-21,$30,1,0,0,0,0,0,0,0,0,0,,2017-01-28,2016-12-28,Collection,Rosella customized,,,NULL,Expired,NULL,NULL,NULL,1,NULL
397,554,2016-05-21,eftpos down,0,0,0,0,1,0,0,0,0,0,,2017-04-25,2017-03-25,Collection,,,,NULL,Expired,2016-10-14,NULL,NULL,0,NULL
398,555,2016-05-21,eftpos down,1,0,0,0,0,0,0,0,0,0,,2017-08-26,2017-07-26,Collection,,,,NULL,,2016-10-14,NULL,NULL,0,NULL
399,556,2016-05-21,$30,0,0,0,0,0,0,0,0,1,0,Emma Cooney ,2017-12-01,2017-11-01,Collection,Estelle ,,,NULL,,NULL,NULL,NULL,0,NULL
400,557,2016-05-24,$30,0,0,0,1,1,0,1,1,0,0,,2016-09-03,2016-08-19,Bridesmaids,"Bella, Amelia, Charlotte",,,NULL,Ordered,NULL,NULL,NULL,0,NULL
401,558,2016-05-27,$30,0,0,1,0,0,0,0,0,0,0,,2017-02-11,2017-01-11,Collection,,,,NULL,Expired,NULL,NULL,NULL,1,NULL
402,559,2016-05-27,$30,1,0,0,0,0,0,0,0,0,0,,2017-05-06,2017-04-15,Collection,Diana,,,NULL,Ordered,NULL,NULL,NULL,0,NULL
403,560,2016-05-28,$45,0,0,0,0,0,0,0,0,1,0,Anna Beauchamp (nee Gurran) ,2016-10-15,2016-09-15,Custom,Custom ,,,NULL,Ordered,NULL,NULL,NULL,1,NULL
404,561,2016-05-28,$30,1,0,0,0,0,0,0,0,0,0,,2017-04-21,2017-03-21,Collection,,,,NULL,Expired,2016-10-14,NULL,NULL,0,NULL
405,562,2016-05-28,$30,0,1,0,0,0,0,0,0,0,0,,2018-11-10,2018-10-10,Collection,Camille,,,NULL,Ordered,NULL,NULL,NULL,0,NULL
406,563,2016-05-28,$30,0,0,0,0,0,0,0,0,1,0,F. Duncan ,,,Collection,,,,NULL,Expired,NULL,NULL,NULL,0,NULL
407,564,2016-05-31,$30,1,0,0,0,0,0,0,0,0,0,,2017-03-25,2017-02-25,Collection,,,,NULL,Expired,NULL,NULL,NULL,0,NULL
408,569,2016-06-03,WS,0,0,0,0,0,0,1,0,0,0,,2017-01-08,2016-12-08,Custom,top & skirt,,,NULL,Ordered,NULL,NULL,NULL,1,NULL
409,571,2016-06-03,$30,0,0,0,0,0,0,0,0,1,0,Pip - Ang's Friend,2017-01-27,2016-12-27,Collection,Billie ,,,NULL,Expired,NULL,NULL,NULL,1,NULL
410,579,2016-06-04,$30,1,0,0,0,0,0,0,0,0,0,,2017-01-07,2016-12-21,Collection,Florence,,,NULL,Ordered,NULL,NULL,NULL,1,NULL
411,580,2016-06-04,WS,0,0,0,0,1,0,1,0,0,0,,2017-10-01,2017-09-01,Collection,,,,NULL,,2016-10-14,NULL,NULL,0,NULL
412,581,2016-06-09,NA,0,0,0,0,0,0,0,0,0,1,,2016-09-13,2016-08-13,Bridesmaids,,,,NULL,Ordered,NULL,NULL,NULL,0,NULL
413,582,2016-06-11,$30,1,0,0,0,0,0,0,0,0,0,,2016-10-30,2016-09-30,Collection,,,,NULL,Ordered,NULL,NULL,NULL,1,NULL
414,583,2016-06-11,$30,0,0,0,0,0,0,0,0,1,0,Grace Newman-Hall (ne: Rive),2016-12-03,2016-11-03,Collection,,,,NULL,Expired,NULL,NULL,NULL,1,NULL
415,584,2016-06-11,Cash,0,0,0,0,0,0,1,0,0,0,,2017-01-04,2016-12-15,Bridesmaids,,,,NULL,Ordered,NULL,NULL,NULL,0,NULL
416,585,2016-06-11,$30,1,0,0,0,0,0,0,0,1,0,,2017-01-07,2016-12-07,Collection,,,,NULL,Expired,2016-10-14,NULL,NULL,1,NULL
417,586,2016-06-11,$30,0,0,0,0,0,0,1,0,0,0,,2017-02-25,2017-01-28,Collection,Diana ,,,NULL,Ordered,NULL,NULL,NULL,1,NULL
418,587,2016-06-11,$30,0,0,1,0,0,0,0,0,0,0,,2017-02-25,2017-01-25,Collection,,,,NULL,Expired,NULL,NULL,NULL,1,NULL
419,588,2016-06-16,$30,1,0,0,0,0,0,0,0,0,0,,2017-06-09,2017-05-09,Collection,,,,NULL,Expired,2016-10-14,NULL,NULL,0,NULL
420,589,2016-06-18,$30,0,0,0,0,0,0,0,0,1,0,colleague ,2016-08-06,2016-07-30,Collection,Paige,,,NULL,Ordered,NULL,NULL,NULL,1,NULL
421,590,2016-06-18,WS,0,0,0,0,0,0,1,0,1,0,Steph Lewis (nee Kippax) ,2016-11-05,2016-10-05,Collection,Paige/Florence,,,NULL,Ordered,NULL,NULL,NULL,1,NULL
422,591,2016-06-18,,0,0,0,0,0,0,0,0,0,0,,2016-11-26,2016-10-26,Collection,Florence/Paige,,,NULL,Ordered,NULL,NULL,NULL,1,NULL
423,592,2016-06-18,$30,1,0,0,0,0,0,0,0,0,0,,2017-01-21,2016-12-21,Custom,,,,NULL,Ordered,NULL,NULL,NULL,1,NULL
424,593,2016-06-18,$30,0,0,1,0,0,0,0,0,0,0,,2017-02-03,2017-01-03,Collection,,,,NULL,Expired,NULL,NULL,NULL,1,NULL
425,594,2016-06-18,WS,0,0,0,0,0,0,1,0,0,0,,2017-02-04,2017-01-04,Collection,,,,NULL,Expired,NULL,NULL,NULL,1,NULL
426,595,2016-06-18,WS,0,0,0,0,0,0,1,0,1,0,,2017-02-04,2017-01-04,Collection,,,,NULL,Expired,NULL,NULL,NULL,1,NULL
427,596,2016-06-22,WS,0,0,0,0,0,0,1,0,1,0,,2016-12-17,2016-12-03,Collection,Rosella/Sweetpea,,,NULL,Ordered,NULL,NULL,NULL,1,NULL
428,597,2016-06-22,WS,0,0,0,0,1,1,1,0,0,1,,2017-01-09,2016-11-26,Custom,,,,NULL,Ordered,NULL,NULL,NULL,1,NULL
429,598,2016-06-24,$30,0,0,0,0,0,0,0,0,0,0,,2017-01-27,2016-12-27,Custom,Marilyn,,,NULL,Ordered,NULL,NULL,NULL,1,NULL
430,599,2016-06-24,NA,0,0,0,0,0,0,0,0,0,0,,2017-01-27,2016-12-27,Bridesmaids,Amelia,,,NULL,Ordered,NULL,NULL,NULL,0,NULL
431,600,2016-06-24,WS,0,0,0,0,0,1,0,0,0,0,,2017-02-25,2017-01-31,Custom,skirt & top,,,NULL,Ordered,NULL,NULL,NULL,1,NULL
432,601,2016-06-24,Cash,0,0,0,0,0,0,1,0,0,0,,2017-04-01,2017-03-01,Collection,Elsie ,,,NULL,Expired,2016-10-14,NULL,NULL,0,NULL
433,602,2016-06-25,WS,0,0,0,0,0,0,1,0,0,0,,2017-01-28,2016-12-28,Collection,,,,NULL,Expired,NULL,NULL,NULL,1,NULL
434,603,2016-06-25,$30,0,0,0,0,0,0,0,0,1,0,Sister ,2017-02-04,2017-01-04,Collection,,,,NULL,Expired,NULL,NULL,NULL,1,NULL
435,604,2016-06-25,WS,0,0,0,0,0,0,1,0,0,0,,2017-03-04,2017-02-04,Collection,,,,NULL,Expired,2016-10-14,NULL,NULL,0,NULL
436,605,2016-06-25,WS,0,1,0,0,0,0,1,0,1,0,friends,2017-03-18,2017-02-18,Collection,,,,NULL,Expired,2016-10-14,NULL,NULL,0,NULL
437,606,2016-06-28,$30,0,0,0,0,0,0,0,0,1,0,friend ,2017-02-24,2017-01-24,Collection,,,,NULL,Expired,2016-10-14,NULL,NULL,1,NULL
438,607,2016-07-02,$30,1,0,0,0,0,0,0,0,0,0,,2016-10-15,2016-09-15,Collection,Florence ,,,NULL,Expired,NULL,NULL,NULL,1,NULL
439,608,2016-07-02,Cash,1,0,0,0,0,0,0,0,0,0,,2016-12-16,2016-11-16,Collection,Elsie/Paige + BM,,,NULL,Ordered,NULL,NULL,NULL,1,NULL
440,609,2016-07-02,$30,0,0,0,0,1,0,0,0,1,0,Friend,2017-02-17,2017-01-17,Collection,,,,NULL,Expired,NULL,NULL,NULL,1,NULL
441,610,2016-07-02,WS,0,0,0,0,0,0,1,0,0,0,,2017-02-22,2017-01-22,Collection,Florence ,,,NULL,Expired,NULL,NULL,NULL,1,NULL
442,611,2016-07-02,$30,1,0,0,0,0,0,0,0,0,0,,2017-02-25,2017-01-28,Collection,Elsie ,,,NULL,Expired,2016-10-14,NULL,NULL,1,NULL
443,612,2016-07-02,Cash,0,1,0,0,0,0,0,0,0,0,,2017-03-04,2017-02-04,Collection,Gloriana ,,,NULL,Ordered,NULL,NULL,NULL,0,NULL
444,613,2016-07-02,WS,1,1,0,0,1,0,1,1,0,0,,2017-03-31,2017-03-04,Collection,Rosella/Peony,,,NULL,Expired,2016-10-14,NULL,NULL,0,NULL
445,614,2016-07-02,,0,0,0,0,0,0,0,0,0,0,,2017-03-31,2017-03-04,Bridesmaids,Penelope,,,NULL,Ordered,NULL,NULL,NULL,0,NULL
446,616,2016-07-02,Cash,1,0,0,0,0,0,0,0,0,0,,2017-04-07,2017-03-15,Collection,Felicia,,,NULL,Ordered,NULL,NULL,NULL,0,NULL
447,617,2016-07-02,Cash,0,0,0,0,0,0,0,0,0,0,,,,Collection,,,,NULL,,NULL,NULL,NULL,0,NULL
448,618,2016-07-03,Cash,0,0,0,0,0,0,1,0,0,0,,2016-12-10,2016-11-28,Collection,Paige ,,,NULL,Ordered,NULL,NULL,NULL,1,NULL
449,619,2016-07-03,Cash,0,1,0,0,0,0,0,0,0,0,,2017-02-10,2016-12-18,Collection,Gloriana (customized),,,NULL,Ordered,NULL,NULL,NULL,1,NULL
450,620,2016-07-03,Cash,1,1,1,0,0,0,1,0,0,0,,2017-02-11,2016-12-18,Collection,Florence/paige,,,NULL,Ordered,NULL,NULL,NULL,1,NULL
451,621,2016-07-03,Cash,0,1,0,1,0,0,0,0,0,0,,2017-03-25,2017-03-11,Collection,Elsie ,,,NULL,Ordered,NULL,NULL,NULL,0,NULL
452,622,2016-07-03,Cash,1,0,0,1,0,0,0,0,0,0,,2017-04-01,2017-03-01,Collection,dune ,,,NULL,Expired,2016-10-14,NULL,NULL,0,NULL
453,623,2016-07-03,Cash,0,0,0,0,0,0,0,0,0,0,,,,Bridesmaids,,,,NULL,,NULL,NULL,NULL,0,NULL
454,624,2016-07-05,$30,0,0,0,0,0,0,0,0,1,0,friend,2018-04-21,2018-03-21,Collection,Georgia + lindee rose,,,NULL,,2016-10-14,NULL,NULL,0,NULL
455,631,2016-07-07,$30,1,0,0,0,0,0,0,0,0,0,,2016-09-16,2016-08-16,Bridesmaids,,,,NULL,Ordered,NULL,NULL,NULL,0,NULL
456,632,2016-07-07,$30,0,0,0,0,0,0,0,1,0,0,,2017-03-11,2017-02-11,Collection,,,,NULL,over budget,NULL,NULL,NULL,0,NULL
457,633,2016-07-08,$30,0,0,0,0,0,0,0,0,1,0,Nikki Rigby ,2017-04-22,2017-03-22,Collection,,,,NULL,Expired,2016-10-14,NULL,NULL,0,NULL
458,634,2016-07-09,$30,1,1,1,1,1,1,1,1,1,1,,2017-02-05,2017-01-05,Collection,,,,NULL,Expired,NULL,NULL,NULL,1,NULL
459,635,2016-07-09,$30,0,1,0,1,1,0,0,0,0,0,,2017-01-21,2016-12-21,Collection,Julia ,,,NULL,Ordered,NULL,NULL,NULL,1,NULL
460,636,2016-07-09,WS,1,0,0,0,1,0,1,0,1,0,collegues ,2017-02-25,2017-01-28,Custom,strapless,,,NULL,Ordered,NULL,NULL,NULL,1,NULL
461,637,2016-07-09,NA,0,0,0,0,0,0,0,0,0,0,,2017-02-25,2017-01-28,Bridesmaids,Amber,,,NULL,Ordered,NULL,NULL,NULL,0,NULL
462,638,2016-07-09,WS,0,1,0,0,0,0,1,0,0,0,,2017-04-08,2017-03-11,Custom,custom,,,NULL,Ordered,NULL,NULL,NULL,0,NULL
463,639,2016-07-09,$30,0,1,0,0,0,0,1,0,0,0,,2017-03-25,2017-02-25,Collection,,,,NULL,Expired,NULL,NULL,NULL,0,NULL
464,640,2016-07-14,$30,0,0,0,0,0,0,1,0,1,0,Georgette Philp,2017-01-13,2016-12-13,Collection,Rosella/Victoria ,,,NULL,Expired,NULL,NULL,NULL,1,NULL
465,641,2016-07-15,$30,1,0,0,0,1,1,0,0,0,0,,2017-02-04,2017-01-04,Collection,Moonstone,,,NULL,Expired,2016-10-14,NULL,NULL,1,NULL
466,642,2016-07-16,Cash,1,0,0,0,0,0,0,0,0,0,,2016-10-02,2016-09-20,Bridesmaids,,,,NULL,Expired,NULL,NULL,NULL,0,NULL
467,643,2016-07-16,Cash,0,0,0,0,0,0,0,0,1,0,friend,2017-01-11,2016-12-11,Collection,,,,NULL,Expired,2016-10-14,NULL,NULL,1,NULL
468,644,2016-07-16,$30,0,0,1,1,0,0,1,0,0,0,,2017-03-03,2017-02-03,Collection,Audrey ,,,NULL,Ordered,NULL,NULL,NULL,0,NULL
469,645,2016-07-16,Cash,1,1,0,0,0,0,0,1,0,0,NZ Bride,2017-04-28,2017-03-29,Collection,Albertine ,,,NULL,Ordered,NULL,NULL,NULL,0,NULL
470,646,2016-07-16,Cash,0,0,0,0,0,0,0,0,0,0,,2017-08-05,2017-07-05,Collection,,,,NULL,,2016-10-14,NULL,NULL,0,NULL
471,647,2016-07-16,$30,0,0,0,0,0,0,0,0,1,0,friend ,2017-11-01,2017-10-01,Collection,Julia ,,,NULL,,2016-10-14,NULL,NULL,0,NULL
472,648,2016-07-16,$30,1,0,0,0,0,0,0,0,1,0,friends ,2017-02-25,2017-01-25,Custom,,,,NULL,Expired,NULL,NULL,NULL,1,NULL
473,649,2016-07-16,$30,1,0,0,0,0,0,0,0,0,0,,,,Collection,,,,NULL,Ordered,2016-10-14,NULL,NULL,0,NULL
474,650,2016-07-16,Cash,1,0,0,0,0,0,0,0,0,0,,2017-03-03,2017-02-03,Collection,Diana - ivory ,,,NULL,Expired,2016-10-14,NULL,NULL,0,NULL
475,651,2016-07-16,Cash,1,1,0,0,0,0,0,0,0,0,,2017-03-04,2017-02-04,Bridesmaids,Charlotte,,,NULL,Expired,2016-10-14,NULL,NULL,0,NULL
476,652,2016-07-16,Cash,0,0,0,0,0,0,0,0,1,0,WOM,2017-03-04,2017-02-04,Collection,,,,NULL,Expired,NULL,NULL,NULL,0,NULL
477,653,2016-07-16,Cash,0,0,0,0,0,0,0,0,1,0,friend,2017-03-24,2017-02-24,Collection,Albertine ,,,NULL,Expired,NULL,NULL,NULL,0,NULL
478,654,2016-07-16,Cash,0,0,0,0,0,0,0,0,1,0,WOM,2017-04-22,2017-03-22,Custom,,,,NULL,Expired,2016-10-14,NULL,NULL,0,NULL
479,655,2016-07-17,Cash,1,0,0,0,0,0,0,0,0,0,,2016-02-04,2016-12-18,Collection,Flora ,,,NULL,Ordered,NULL,NULL,NULL,1,NULL
480,656,2016-07-17,NA,0,0,0,0,0,0,0,0,0,1,Primrose & Finch,2017-01-28,2016-11-30,Bridesmaids,Amelia ,,,NULL,Ordered,NULL,NULL,NULL,0,NULL
481,657,2016-07-17,Cash,0,0,0,0,0,0,0,1,0,0,NZ Weddings ,2017-02-17,2017-01-19,Collection,Albertine ,,,NULL,Ordered,NULL,NULL,NULL,1,NULL
482,658,2016-07-17,Cash,0,0,0,0,0,0,0,0,0,0,,2017-02-18,2017-01-18,Collection,,,,NULL,Expired,NULL,NULL,NULL,1,NULL
483,659,2016-07-17,Cash,1,0,0,0,0,0,0,0,0,0,,2017-03-10,2017-01-08,Custom,,,,NULL,Ordered,NULL,NULL,NULL,0,NULL
484,660,2016-07-20,NA,1,0,0,0,0,0,0,0,0,0,,2016-08-04,2016-08-04,Bridesmaids,Georgia,,,NULL,Ordered,NULL,NULL,NULL,0,NULL
485,661,2016-07-21,Cash,0,0,0,0,0,1,0,0,0,0,,2017-02-06,2017-01-06,Collection,Billie,,,NULL,Expired,NULL,NULL,NULL,1,NULL
486,662,2016-07-23,NA,1,0,1,0,0,0,0,0,0,0,,2016-08-27,2016-08-27,Collection,Peony + alice,,,NULL,Expired,NULL,NULL,NULL,1,NULL
487,664,2016-07-26,NA,0,0,0,0,0,0,0,0,0,1,Primrose - Melbourne,2017-11-25,2017-07-01,Collection,Camile - sleeves,,,NULL,Expired,NULL,NULL,NULL,0,NULL
488,665,2016-07-30,$30,1,1,0,0,0,0,0,0,1,0,,2017-02-25,2017-01-25,Collection,"Paige, Alice",,,NULL,Ordered,NULL,NULL,NULL,1,NULL
489,666,2016-07-30,WS,0,0,0,0,0,0,1,0,0,0,,2017-02-25,2017-01-25,Collection,,,,NULL,Expired,2016-10-14,NULL,NULL,1,NULL
490,667,2016-07-30,$30,1,1,0,0,1,0,0,0,1,0,Hannah Crowther ,2017-03-04,2017-02-04,Collection,Flora (no painting) ,,,NULL,Expired,NULL,NULL,NULL,0,NULL
491,668,2016-07-30,$30,0,1,0,0,0,0,1,0,0,0,,2017-03-11,2017-02-17,Collection,Delphine ,,,NULL,Ordered,NULL,NULL,NULL,0,NULL
492,669,2016-07-30,$30,0,1,0,0,0,0,0,0,0,0,,2017-03-11,2017-02-11,Collection,,,,NULL,Expired,2016-10-14,NULL,NULL,0,NULL
493,670,2016-07-30,$30,0,0,0,0,0,0,0,0,1,0,,,,Collection,,,,NULL,,NULL,NULL,NULL,0,NULL
494,671,2016-08-03,Cash,1,1,1,0,0,0,0,1,1,0,,2016-12-20,2016-11-29,Collection,Piper ,,,NULL,Ordered,NULL,NULL,NULL,1,NULL
495,672,2016-08-05,NA,0,0,0,0,0,0,0,0,0,0,,2016-12-16,2016-10-31,Bridesmaids,Alexis,,,NULL,Ordered,NULL,NULL,NULL,0,NULL
496,673,2016-08-05,$30,0,0,0,0,0,0,0,0,1,0,Emily Graham & Ashleigh Lloyd,2017-01-07,2016-12-07,Collection,Paige (customized) ,,,NULL,Expired,NULL,NULL,NULL,1,NULL
497,674,2016-08-06,Cash,0,1,0,0,0,0,0,0,0,0,,2017-02-03,2016-01-03,Collection,,,,NULL,Expired,NULL,NULL,NULL,1,NULL
498,675,2016-08-06,Cash,1,0,0,0,0,0,0,0,0,0,,2016-11-26,2016-10-26,Bridesmaids,"Dawn, Ruby",,,NULL,Ordered,NULL,NULL,NULL,0,NULL
499,676,2016-08-06,Cash,0,0,0,0,0,0,0,0,1,0,family friend,2016-11-29,2016-10-29,Bridesmaids,,,,NULL,Expired,NULL,NULL,NULL,0,NULL
500,677,2016-08-06,$30,1,0,0,0,0,0,0,0,0,0,,2016-12-17,2016-11-17,Collection,,,,NULL,Expired,NULL,NULL,NULL,1,NULL
501,678,2016-08-06,$30,0,0,0,0,0,0,0,0,1,0,word of mouth,2016-12-31,2016-11-30,Collection,,,,NULL,Expired,NULL,NULL,NULL,1,NULL
502,679,2016-08-06,Cash,1,0,0,0,0,0,0,0,0,0,,2017-01-22,2016-12-07,Collection,Albertine,,,NULL,Ordered,NULL,NULL,NULL,1,NULL
503,680,2016-08-06,$30,1,0,0,0,0,0,0,0,0,0,,2017-03-31,2016-12-20,Collection,Camille,,,NULL,Ordered,NULL,NULL,NULL,0,NULL
504,681,2016-08-06,$30,1,1,1,0,1,0,0,0,0,0,,2018-05-01,2018-04-01,Collection,Delphine,,,NULL,,NULL,NULL,NULL,0,NULL
505,682,2016-08-06,Cash,0,1,0,0,0,0,0,0,0,0,,2017-04-01,2017-03-01,Collection,,,,NULL,Expired,NULL,NULL,NULL,0,NULL
506,683,2016-08-07,NA,1,0,0,0,0,0,0,0,0,0,,2016-12-02,2016-11-02,Bridesmaids,Lillian,,,NULL,Expired,NULL,NULL,NULL,0,NULL
507,684,2016-08-07,NA,1,0,0,0,0,0,0,0,0,0,,2017-02-18,2017-02-18,Custom,,,,NULL,Expired,2016-10-14,NULL,NULL,1,NULL
508,685,2016-08-07,Cash,0,0,0,0,1,0,0,0,0,0,,2017-02-25,2017-01-25,Collection,,,,NULL,Ordered,NULL,NULL,NULL,1,NULL
509,686,2016-08-07,Cash,1,0,0,0,0,0,0,0,0,0,,2017-03-25,2017-01-31,Collection,Marie ,,,NULL,Expired,NULL,NULL,NULL,0,NULL
510,687,2016-08-07,$30,1,0,0,0,0,0,0,0,0,0,,2017-05-12,2017-04-12,Collection,Seina,,,NULL,Ordered,NULL,NULL,NULL,0,NULL
511,688,2016-08-07,Cash,1,0,0,0,0,0,1,0,0,0,,2017-05-13,2017-04-13,Collection,,,,NULL,Ordered,NULL,NULL,NULL,0,NULL
512,689,2016-08-10,NA,1,0,0,0,0,0,0,0,0,0,,2016-11-26,2016-10-26,Bridesmaids,Lillian ,,,NULL,Expired,NULL,NULL,NULL,0,NULL
513,690,2016-08-10,$30,0,0,0,0,0,0,0,0,1,0,Friend,2017-02-01,2017-01-31,Custom,,,,NULL,Ordered,NULL,NULL,NULL,1,NULL
514,691,2016-08-11,NA,0,0,0,0,0,0,0,0,0,0,,2016-12-31,2016-10-31,Bridesmaids,Penelope ,,,NULL,Expired,NULL,NULL,NULL,0,NULL
515,692,2016-08-11,WS,0,0,0,0,0,0,1,0,0,0,,2017-05-06,2017-04-06,Collection,Julia,,,NULL,Ordered,NULL,NULL,NULL,0,NULL
516,694,2016-08-13,$30,0,0,0,0,0,0,0,0,1,0,Friend ,2016-12-03,2016-11-15,Custom,,,,NULL,Ordered,NULL,NULL,NULL,1,NULL
517,695,2016-08-13,$30,1,1,0,0,0,0,0,0,0,0,,2017-02-11,2017-01-11,Collection,Florence,,,NULL,Ordered,NULL,NULL,NULL,1,NULL
518,696,2016-08-13,$45,0,0,0,0,1,0,0,0,0,0,,2017-02-18,2017-01-18,Collection,Gloriana ,,,NULL,Expired,NULL,NULL,NULL,1,NULL
519,697,2016-08-13,$30,1,0,0,0,1,0,0,0,0,0,,2017-07-13,2017-06-13,Custom,Custom lace top,,,NULL,Ordered,NULL,NULL,NULL,0,NULL
520,698,2016-08-17,NA,0,0,0,0,0,0,0,0,1,0,WOM,2016-12-03,2016-11-03,Collection,Estelle (customized) ,,,NULL,Expired,NULL,NULL,NULL,1,NULL
521,699,2016-08-17,$30,0,1,0,0,0,0,0,0,0,0,,2017-04-01,2017-03-04,Collection,Genevieve,,,NULL,Ordered,NULL,NULL,NULL,0,NULL
522,700,2016-08-20,$15,0,1,1,0,0,0,0,1,0,0,together Journal,2017-02-04,2017-01-04,Bridesmaids,,,,NULL,Expired,NULL,NULL,NULL,0,NULL
523,701,2016-08-20,Cash,0,0,0,0,0,0,0,0,1,0,Liz-Marie Louw,2017-02-16,2016-12-07,Collection,,,,NULL,Ordered,NULL,NULL,NULL,1,NULL
524,702,2016-08-20,Cash,0,0,0,0,0,0,0,0,1,0,,2017-02-25,2017-01-19,Collection,Coco,,,NULL,Ordered,NULL,NULL,NULL,1,NULL
525,703,2016-08-20,$30,0,0,0,0,0,0,0,0,1,0,,2017-03-04,2017-02-04,Collection,,,,NULL,Expired,NULL,NULL,NULL,0,NULL
526,704,2016-08-20,$30,1,0,0,0,0,0,0,0,1,0,,2017-03-25,2017-02-25,Collection,,,,NULL,Expired,2016-10-14,NULL,NULL,0,NULL
527,705,2016-08-20,NA,1,1,0,0,1,0,0,0,0,0,,2017-04-08,2017-03-08,Custom,,,,NULL,Expired,NULL,NULL,NULL,0,NULL
528,706,2016-08-20,$30,0,1,1,0,0,0,0,1,0,0,Hello May ,2017-04-15,2017-03-20,Collection,Siena (customized) ,,,NULL,Ordered,NULL,NULL,NULL,0,NULL
529,707,2016-08-20,Cash,0,0,1,0,0,0,0,1,0,0,,2018-01-01,2018-01-01,Collection,,,,NULL,,2016-10-14,NULL,NULL,0,NULL
530,708,2016-08-20,Cash,0,0,0,0,0,0,0,0,1,0,word of mouth,2017-09-01,2017-09-01,Collection,Florence,,,NULL,,2016-10-14,NULL,NULL,0,NULL
531,709,2016-08-21,NA,1,0,0,0,1,0,0,0,0,0,paper & lace blog ,2016-12-17,2016-11-17,Collection,,,,NULL,Expired,NULL,NULL,NULL,1,NULL
532,710,2016-08-21,Cash,0,0,0,0,0,0,0,0,1,0,NZ weddings ,2017-02-04,2017-01-04,Collection,,,,NULL,Expired,2016-10-14,NULL,NULL,1,NULL
533,711,2016-08-21,Cash,0,0,0,0,0,0,0,0,0,1,through a friend,2017-02-11,2017-01-11,Collection,,,,NULL,Expired,NULL,NULL,NULL,1,NULL
534,712,2016-08-21,Cash,0,1,0,0,0,0,0,0,0,0,,2017-02-25,2017-01-25,Collection,,,,NULL,Expired,2016-10-14,NULL,NULL,1,NULL
535,713,2016-08-21,NA,0,1,1,0,0,0,0,0,0,0,,2016-10-14,2016-09-14,Collection,Genevieve,,,NULL,Expired,NULL,NULL,NULL,1,NULL
536,714,2016-08-21,Cash,1,0,0,0,0,0,0,0,0,0,,2018-03-31,2018-02-28,Collection,,,,NULL,,NULL,NULL,NULL,0,NULL
537,715,2016-08-21,NA,0,0,0,0,0,0,0,0,0,0,,2017-04-01,2017-03-01,Collection,,,,NULL,Expired,NULL,NULL,NULL,0,NULL
538,716,2016-08-21,Cash,0,1,0,0,0,0,0,0,0,0,,2017-05-19,2017-04-19,Collection,Genevieve/gloriana,,,NULL,Expired,2016-10-14,NULL,NULL,0,NULL
539,717,2016-08-25,NA,1,0,0,0,0,0,0,0,0,0,,2017-06-21,2016-11-30,Collection,Genevieve,,,NULL,Ordered,NULL,NULL,NULL,0,NULL
540,718,2016-08-26,NA,1,0,0,0,0,0,0,0,0,0,,2017-01-07,2016-11-30,Collection,Peony & Violet,,,NULL,Ordered,NULL,NULL,NULL,1,NULL
541,719,2016-08-26,$15,1,0,0,0,0,0,0,0,0,0,,2017-02-17,2017-01-17,Bridesmaids,,,,NULL,Expired,NULL,NULL,NULL,0,NULL
542,720,2016-08-27,WS,0,0,0,0,0,0,0,0,0,1,friends,2017-01-28,2016-12-28,Collection,,,,NULL,Expired,2016-10-14,NULL,NULL,1,NULL
543,721,2016-08-27,$30,1,0,0,0,0,1,0,0,0,0,,,,Collection,,,,NULL,,NULL,NULL,NULL,0,NULL
544,732,2016-09-02,$30,0,0,0,0,0,0,0,0,0,1,Primrose ,2017-05-13,2017-02-28,Collection,,,,NULL,Ordered,NULL,NULL,NULL,0,NULL
545,733,2016-09-03,$30,0,0,0,0,0,0,0,0,0,0,,2016-10-03,2016-09-03,Collection,,,,NULL,not interested/too short a timeframe,NULL,NULL,NULL,1,NULL
546,734,2016-09-03,Cash,0,0,0,0,0,0,0,0,0,1,WOM,2017-01-28,2016-12-28,Collection,,,,NULL,Expired,NULL,NULL,NULL,1,NULL
547,735,2016-09-03,Cash,0,0,0,0,0,0,0,0,0,0,,2016-10-22,2016-09-22,Collection,Rosa & Bette,,,NULL,Ordered,NULL,NULL,NULL,1,NULL
548,736,2016-09-03,$30,0,0,0,1,1,0,0,0,0,0,,2016-11-26,2016-11-19,Collection,Diana,,,NULL,Ordered,NULL,NULL,NULL,1,NULL
549,737,2016-09-03,$30,1,1,0,0,1,0,0,0,0,0,,2018-02-10,2018-01-10,Collection,Albertine,,,NULL,,2016-10-14,NULL,NULL,0,NULL
550,738,2016-09-03,Cash,0,0,0,0,0,0,0,0,0,0,,2018-06-01,2018-05-01,Collection,Piper ,,,NULL,,2016-10-14,NULL,NULL,0,NULL
551,739,2016-09-04,Cash,1,0,0,0,0,0,0,0,0,0,,2016-03-24,2016-02-24,Collection,,,,NULL,Expired,NULL,NULL,NULL,1,NULL
552,740,2016-09-04,Cash,0,0,0,0,0,0,0,0,1,0,Priscilla Patel,2017-02-19,2017-01-28,Custom,,,,NULL,Ordered,NULL,NULL,NULL,1,NULL
553,744,2016-09-10,Cash,0,0,0,0,0,0,0,0,1,0,Alex Geddes,2017-02-18,2017-01-18,Collection,Poppy,,,NULL,Ordered,NULL,NULL,NULL,1,NULL
554,745,2016-09-10,$30,1,1,1,0,0,0,0,0,0,0,,2017-02-24,2017-02-08,Custom,,,,NULL,Ordered,NULL,NULL,NULL,1,NULL
555,746,2016-09-10,$30,1,0,0,0,0,0,0,0,0,0,,2017-07-16,2017-06-16,Collection,,,,NULL,,2016-10-14,NULL,NULL,0,NULL
556,747,2016-09-10,WS,0,0,0,0,0,0,0,0,1,0,friend,2018-01-01,2017-12-01,Custom,custom,,,NULL,,NULL,NULL,NULL,0,NULL
557,748,2016-09-13,$30,1,1,0,0,0,0,0,0,0,0,,2017-03-12,2017-02-12,Collection,Julia,,,NULL,Expired,2016-10-14,NULL,NULL,0,NULL
558,749,2016-09-15,NA,0,0,0,0,0,0,0,0,1,0,,2016-11-19,2016-11-10,Collection,Delphine ,,,NULL,Ordered,NULL,NULL,NULL,1,NULL
559,750,2016-09-16,$30,0,0,0,0,0,0,0,0,1,0,many,2017-03-10,2017-02-10,Custom,,,,NULL,Expired,NULL,NULL,NULL,0,NULL
560,751,2016-09-17,$30,0,0,0,0,1,0,0,0,0,1,primrose,2017-03-17,2017-02-17,Custom,,,,NULL,Expired,2016-10-14,NULL,NULL,0,NULL
561,752,2016-09-17,$30,1,0,0,0,0,0,0,0,0,0,,2017-03-05,2017-02-05,Collection,Julia ,,,NULL,Expired,2016-10-14,NULL,NULL,0,NULL
562,753,2016-09-17,$30,1,0,1,0,1,0,0,0,0,0,,2017-03-25,2017-03-11,Collection,Custom ,,,NULL,Ordered,NULL,NULL,NULL,0,NULL
563,754,2016-09-17,$30,1,0,0,0,0,0,0,0,0,0,,2017-08-27,2017-07-27,Collection,,,,NULL,,2016-10-14,NULL,NULL,0,NULL
564,755,2016-09-23,NA,0,0,0,0,0,0,0,0,0,0,,2016-11-15,2016-10-31,Custom,Sequin Top,,,NULL,Ordered,NULL,NULL,NULL,1,NULL
565,756,2016-09-23,$30,0,0,0,0,0,0,0,0,0,1,Friend booked :),2017-04-07,2017-03-07,Collection,,,,NULL,Expired,2016-10-14,NULL,NULL,0,NULL
566,757,2016-09-28,Cash,0,0,0,0,0,0,0,0,1,0,friends,2017-02-25,2017-01-25,Collection,,,,NULL,Expired,NULL,NULL,NULL,1,NULL
567,758,2016-09-30,$30,1,0,0,0,0,0,0,0,0,0,,2017-04-16,2017-03-16,Collection,,,,NULL,Expired,NULL,NULL,NULL,0,NULL
568,759,2016-10-01,$30,0,0,1,0,0,0,0,0,0,0,,2017-01-27,2016-12-27,Collection,,,,NULL,Expired,NULL,NULL,NULL,1,NULL
569,760,2016-10-01,Cash,0,0,0,0,0,0,0,0,1,1,Bridget Grace & Lucy ,2017-02-04,2017-01-04,Collection,,,,NULL,Expired,2016-10-14,NULL,NULL,1,NULL
570,761,2016-10-01,$30,1,0,0,0,0,0,0,0,0,0,,2017-03-11,2017-02-11,Collection,,,,NULL,Expired,2016-10-14,NULL,NULL,0,NULL
571,762,2016-10-01,$30,0,0,0,0,0,0,0,0,1,0,,2018-05-01,2018-04-01,Collection,,,,NULL,,NULL,NULL,NULL,0,NULL
572,763,2016-10-04,NA,0,0,0,0,0,0,0,0,0,0,,2017-03-31,2017-01-21,Bridesmaids,Amelia + slips,,,NULL,,NULL,NULL,NULL,0,NULL
573,769,2016-10-05,NA,0,0,0,0,0,0,0,0,0,0,,2017-01-21,2016-12-21,Custom,,,,NULL,Ordered,NULL,NULL,NULL,1,NULL
574,770,2016-10-05,$30,0,1,0,0,0,0,1,0,0,0,,2017-12-16,2017-11-16,Collection,,,,NULL,,NULL,NULL,NULL,0,NULL
575,771,2016-10-07,$30,1,1,0,1,1,0,0,0,0,0,,2017-02-16,2017-01-28,Collection,Marigold,,,NULL,Ordered,NULL,NULL,NULL,1,NULL
576,772,2016-10-08,$30,0,0,0,0,0,0,0,0,0,0,,2017-01-28,2016-12-28,Collection,,,,NULL,Brides on Thordon,NULL,NULL,NULL,1,NULL
577,773,2016-10-08,$30,0,1,1,0,0,0,0,1,0,0,Together Journal,2017-10-01,2017-09-01,Custom,,,,NULL,,NULL,NULL,NULL,0,NULL
578,774,2016-10-08,$30,1,0,0,0,0,0,0,0,0,0,,2018-08-18,2018-07-18,Collection,,,,NULL,,NULL,NULL,NULL,0,NULL
579,775,2016-10-13,$30,1,1,0,1,0,0,0,1,0,0,,2018-02-24,2018-01-24,Collection,,,,NULL,Ordered,NULL,NULL,NULL,0,NULL
580,777,2016-10-15,??,0,1,0,0,0,0,0,0,0,0,,2017-11-07,2017-10-07,Collection,,,,NULL,,NULL,NULL,NULL,0,NULL
581,778,2016-10-19,$30,0,0,0,0,0,0,0,0,1,0,Gema Easton,2018-12-01,2018-12-01,Collection,,,,NULL,,NULL,NULL,NULL,0,NULL
582,805,2016-10-21,$30,0,0,0,0,0,0,0,0,0,1,hair dresser,2017-02-18,2017-01-10,Collection,Albertine ,,,NULL,Ordered,NULL,NULL,NULL,1,NULL
583,806,2016-10-22,Cash,0,0,0,0,0,0,0,0,1,0,Isabel Donelan,2017-04-01,2017-03-01,Collection,,,,NULL,Hera Bridal ,NULL,NULL,NULL,0,NULL
584,807,2016-10-22,$30,0,1,1,0,1,0,0,0,0,1,walked past willis st,2017-03-17,2017-02-17,Custom,,,,NULL,Expired,NULL,NULL,NULL,0,NULL
585,808,2016-10-22,$30,0,0,0,0,0,0,0,0,0,0,,2018-01-19,2017-12-19,Collection,Julia,,,NULL,,NULL,NULL,NULL,0,NULL
586,809,2016-10-25,Cash,1,0,0,0,0,0,0,0,0,0,,2017-03-24,2017-02-24,Collection,,,,NULL,Expired,NULL,NULL,NULL,0,NULL
587,811,2016-10-28,$30,1,0,0,0,0,0,0,0,0,0,,2017-10-07,2017-09-07,Custom,,,,NULL,getting back to us,NULL,NULL,NULL,0,NULL
588,812,2016-10-29,$30,0,0,0,0,0,1,0,0,0,0,,2017-03-10,2017-02-18,Collection,Peony,,,NULL,Ordered,NULL,NULL,NULL,0,NULL
589,813,2016-10-29,$30,0,0,0,0,0,0,0,0,0,0,,,,,,,,NULL,,NULL,NULL,NULL,0,NULL
590,820,2016-11-04,$30,0,0,0,0,0,0,0,0,1,0,Referral ,2017-06-10,2017-05-10,Collection,,,,NULL,Expired,NULL,NULL,NULL,0,NULL
591,821,2016-11-05,NA,0,0,0,0,0,0,0,0,0,0,,2017-03-04,2017-01-06,Bridesmaids,Amelia,,,NULL,Ordered,NULL,NULL,NULL,0,NULL
592,822,2016-11-05,NA,0,0,0,0,0,0,0,0,1,0,referral,2017-03-04,2017-01-06,Collection,Peony & Violet,,,NULL,Ordered,NULL,NULL,NULL,0,NULL
593,823,2016-11-12,NA,0,0,0,0,0,0,0,0,0,0,,2017-03-25,2017-03-11,Bridesmaids,,,,NULL,Ordered,NULL,NULL,NULL,0,NULL
594,824,2016-11-15,NA,0,0,0,0,0,0,0,0,1,0,Grace Rive,2017-04-15,2017-03-15,Collection,,,,NULL,Expired,2016-12-19,NULL,NULL,0,NULL
595,825,2017-04-01,,0,0,0,0,0,0,0,0,0,0,,2017-09-02,2017-06-28,Collection,Rosella + Veil,,,NULL,,NULL,NULL,NULL,0,NULL
596,827,2016-11-19,$30,0,0,0,0,0,0,0,0,1,0,,2017-04-28,2017-03-28,Collection,,,,NULL,Expired,2016-12-19,NULL,NULL,0,NULL
597,828,2016-11-19,$30,0,0,0,0,0,0,0,0,0,0,,2017-04-29,2017-03-15,Collection,Julia ,,,NULL,Ordered,NULL,NULL,NULL,0,NULL
598,829,2016-11-19,$30,1,0,0,0,0,0,0,0,0,0,,,,Collection,,,,NULL,,2017-12-19,NULL,NULL,0,NULL
599,830,2016-11-22,$30,1,0,0,0,0,0,0,0,0,0,,2017-08-18,2017-07-18,Collection,,,,NULL,,2016-12-19,NULL,NULL,0,NULL
600,831,2016-11-23,NA,0,0,0,0,0,0,0,0,1,0,Jess Teaz,2017-03-11,2017-03-03,Custom,,,,NULL,Expired,NULL,NULL,NULL,0,NULL
601,834,2016-11-24,NA,0,0,1,0,0,0,0,0,0,1,friend,2017-03-25,2017-02-25,Custom,,,,NULL,,NULL,NULL,NULL,0,NULL
602,842,2016-11-26,NA,1,0,0,0,0,0,0,0,0,0,,2017-02-18,2017-02-18,Collection,Rosella Sample,,,NULL,Expired,NULL,NULL,NULL,1,NULL
603,843,2016-11-26,$30,1,0,0,0,0,0,0,0,0,0,,2018-01-13,2017-12-13,Collection,Gloriana ,,,NULL,Ordered,NULL,NULL,NULL,0,NULL
604,844,2016-12-03,$30,1,0,0,0,0,0,0,0,0,0,,2017-04-08,2017-03-08,Collection,,,,NULL,,NULL,NULL,NULL,0,NULL
605,845,2016-12-03,$30,0,1,0,0,1,1,0,0,0,0,,2017-03-10,2017-02-23,Collection,Diana,,,NULL,Expired,NULL,NULL,NULL,0,NULL
606,852,2016-12-10,$30,0,1,0,0,0,0,0,0,0,0,,2017-11-01,2017-10-01,Collection,Florence,,,NULL,,2017-03-15,NULL,NULL,0,NULL
607,853,2016-12-10,$30,1,0,0,0,0,0,0,0,0,0,,2018-01-27,2017-12-27,Collection,,,,NULL,,2017-03-15,NULL,NULL,0,NULL
608,854,2016-12-10,$30,0,1,0,0,0,0,0,0,0,0,,,,Collection,Piper,,,NULL,,NULL,NULL,NULL,0,NULL
609,855,2016-12-13,$30,1,0,0,0,1,0,0,0,0,0,,2017-05-05,2017-04-05,Collection,,,,NULL,Expired,2017-03-15,NULL,NULL,0,NULL
610,856,2016-12-14,$30,0,1,0,0,0,0,0,0,0,0,,2017-03-31,2017-03-28,Collection,Audrey,,,NULL,Expired,NULL,NULL,NULL,0,NULL
611,863,2016-12-17,$30,0,0,1,0,0,0,0,0,1,0,,2017-03-23,2017-03-17,Collection,Albertine ,,,NULL,Expired,NULL,NULL,NULL,0,NULL
612,864,2016-12-17,NA,0,0,0,0,0,0,0,0,0,0,,2017-05-15,2017-04-22,Bridesmaids,custom,,,NULL,Ordered,NULL,NULL,NULL,0,NULL
613,865,2016-12-22,$30,1,0,0,0,0,0,0,0,0,0,,2017-01-28,2017-01-28,Collection,,,,NULL,,NULL,NULL,NULL,1,NULL
614,867,2016-12-22,Cash,0,0,0,0,0,0,0,0,0,1,Annelies VDM,2018-01-01,2018-01-01,Collection,,,,NULL,,2017-03-15,NULL,NULL,0,NULL
615,868,2016-12-23,Cash,0,0,0,0,0,0,0,0,1,0,sister,2017-10-21,2017-08-21,Collection,,,,NULL,,2017-03-15,NULL,NULL,0,NULL
616,869,2017-01-04,Cash,0,0,0,0,0,0,0,0,1,0,Ali Silcock,2018-10-01,2018-09-01,Custom,,,,NULL,,2017-03-15,NULL,NULL,0,NULL
617,870,2017-01-06,$30,0,0,0,0,0,0,0,0,1,0,Sarah Ng,2017-05-13,2017-04-13,Custom,,,,NULL,Expired,NULL,NULL,NULL,0,NULL
618,871,2017-01-06,$30,0,0,0,0,0,0,0,0,0,1,Friends ,2017-09-09,2017-08-09,Collection,,,,NULL,Ordered,NULL,NULL,NULL,0,NULL
619,872,2017-01-07,$30,1,1,0,0,0,0,0,0,0,0,,2017-04-08,2017-03-08,Collection,,,,NULL,Expired,NULL,NULL,NULL,0,NULL
620,873,2017-01-14,NA,1,0,0,0,0,0,0,0,0,0,,2018-01-13,2017-12-13,Collection,,,,NULL,found dress at Rue De Siene ,NULL,NULL,NULL,0,NULL
621,874,2017-01-14,$30,1,0,0,0,0,0,0,0,0,0,,2017-07-01,2017-06-01,Collection,Diana + veil ,,,NULL,Ordered,NULL,NULL,NULL,0,NULL
622,875,2017-01-14,$30,0,0,0,0,0,1,0,0,0,0,,2017-07-29,2017-06-29,Collection,,,,NULL,Ordered,NULL,NULL,NULL,0,NULL
623,876,2017-01-14,Cash,0,0,0,1,0,0,0,0,0,0,,2017-10-07,2017-09-07,Collection,,,,NULL,,2017-03-15,NULL,NULL,0,NULL
624,880,2017-01-21,$30,1,0,0,0,0,0,0,0,0,0,,2017-07-29,2017-06-29,Collection,,,,NULL,found dress elsewhere,NULL,NULL,NULL,0,NULL
625,881,2017-01-21,$15,1,0,0,0,0,1,0,0,0,0,,2017-06-10,2017-05-10,Bridesmaids,,,,NULL,Expired,NULL,NULL,NULL,0,NULL
626,882,2017-01-21,Cash,0,0,0,0,0,0,0,0,1,0,,2017-10-21,2017-09-21,Collection,Florence,,,NULL,Ordered,2017-03-15,NULL,NULL,0,NULL
627,884,2017-01-27,NA,0,0,0,0,0,0,0,0,1,0,,2018-01-05,2017-12-05,Custom,,,,NULL,confirmed ,NULL,NULL,NULL,0,NULL
628,885,2017-01-27,$30,1,0,0,0,0,0,0,0,0,0,,2017-05-13,2017-04-13,Collection,,,,NULL,Expired,2017-03-15,NULL,NULL,0,NULL
629,886,2017-01-27,$30,1,0,0,0,0,0,0,0,0,0,,2017-06-01,2017-05-01,Collection,,,,NULL,Expired,2017-03-15,NULL,NULL,0,NULL
630,887,2017-01-28,NA,1,0,0,0,0,0,0,0,0,0,,2017-07-08,2017-04-30,Collection,"Agatha, Violet + Cami",,,NULL,Ordered,NULL,NULL,NULL,0,NULL
631,889,2017-01-31,$30,0,1,0,0,0,0,0,0,0,0,,2017-07-08,2017-06-08,Collection,,,,NULL,,2017-03-15,NULL,NULL,0,NULL
632,890,2017-02-03,,0,0,0,0,0,0,0,0,0,1,NZ weddings ,2017-04-21,2017-03-20,Collection,,,,NULL,,NULL,NULL,NULL,0,NULL
633,892,2017-02-04,NA,1,0,0,0,0,0,0,0,0,0,,2017-04-08,2017-03-15,Collection,,,,NULL,Expired,NULL,NULL,NULL,0,NULL
634,893,2017-02-04,$30,1,1,0,0,0,0,0,0,0,0,,,,Collection,,,,NULL,,2017-03-15,NULL,NULL,0,NULL
635,895,2017-02-10,$30,1,0,0,0,0,0,0,0,0,0,,2017-04-15,2017-03-20,Collection,,,,NULL,Expired,NULL,NULL,NULL,0,NULL
636,896,2017-02-10,Cash,0,1,1,0,0,0,0,0,0,0,,2017-11-10,2017-10-10,Collection,,,,NULL,,2017-03-15,NULL,NULL,0,NULL
637,897,2017-02-11,$30,1,0,0,0,0,0,0,0,0,1,Estelle,2017-12-01,2017-11-01,Collection,Julia,,,NULL,Ordered,NULL,NULL,NULL,0,NULL
638,898,2017-02-11,$30,1,1,0,0,1,0,0,0,0,0,,2018-01-06,2017-12-06,Collection,,,,NULL,,2017-03-15,NULL,NULL,0,NULL
639,899,2017-02-15,NA,1,0,0,0,0,0,0,0,0,0,,2017-10-28,2017-09-28,Collection,,,,NULL,found dress elsewhere ,NULL,NULL,NULL,0,NULL
640,903,2017-02-17,Cash,1,0,0,0,0,0,0,0,0,0,,2017-08-26,2017-07-26,Collection,,,,NULL,,2017-03-15,NULL,NULL,0,NULL
641,904,2017-02-17,NA,1,0,0,0,0,0,0,0,0,0,,2017-10-14,2017-09-14,Bridesmaids,,,,NULL,,NULL,NULL,NULL,0,NULL
642,905,2017-02-17,Cash,0,0,0,0,1,0,0,1,0,1,Belen Ortega,2017-12-09,2017-10-29,Collection,Audrey,,,NULL,,2017-03-15,NULL,NULL,0,NULL
643,906,2017-02-17,$30,1,0,0,0,0,0,0,0,0,0,,2018-02-09,2018-01-09,Collection,,,,NULL,,2017-03-15,NULL,NULL,0,NULL
644,907,2017-02-18,$30,0,0,0,0,0,0,0,0,0,1,Ashleigh,2017-07-15,2017-06-15,Collection,,,,NULL,Chosen another dress,NULL,NULL,NULL,0,NULL
645,908,2017-02-18,NA,1,0,0,0,0,0,0,0,0,0,,2017-04-15,2017-03-30,Collection,Dune ,,,NULL,Ordered,NULL,NULL,NULL,0,NULL
646,909,2017-02-18,$30,0,0,0,0,0,0,0,0,0,0,,2017-06-17,2017-05-17,Collection,,,,NULL,Expired,2017-03-15,NULL,NULL,0,NULL
647,910,2017-02-18,$30,1,0,0,0,0,0,0,0,0,0,,2017-08-05,2017-07-05,Collection,Flora,,,NULL,,2017-03-15,NULL,NULL,0,NULL
648,911,2017-02-18,$30,0,0,0,0,0,0,0,0,0,1,Friend,2018-03-01,2018-02-01,Collection,,,,NULL,,2017-03-15,NULL,NULL,0,NULL
649,912,2017-02-21,NA,0,0,0,0,0,0,0,0,0,0,,2017-05-01,2017-03-31,Accessory,veil,,,NULL,Expired,NULL,NULL,NULL,0,NULL
650,915,2017-02-25,$30,0,0,0,0,0,0,0,0,1,0,Kate Wills,2017-10-21,2017-09-21,Custom,,,,NULL,,2017-03-15,NULL,NULL,0,NULL
651,916,2017-02-25,$30,0,0,0,0,0,0,0,0,0,1,friend,2018-02-03,2018-01-03,Custom,,,,NULL,,2017-03-15,NULL,NULL,0,NULL
652,917,2017-02-25,$30,0,0,0,0,0,0,0,0,0,1,WOM,2017-08-01,2017-07-01,Collection,,,,NULL,,2017-03-15,NULL,NULL,0,NULL
653,918,2017-02-28,$30,1,0,0,0,0,0,0,0,0,0,,2017-05-06,2017-04-06,Collection,,,,NULL,Expired,2017-03-15,NULL,NULL,0,NULL
654,919,2017-02-28,$30,0,0,0,0,0,0,0,0,0,0,,2018-10-01,2018-09-01,Collection,,,,NULL,,2017-03-15,NULL,NULL,0,NULL
655,920,2017-03-02,$30,1,0,1,0,1,0,0,0,0,0,,2017-12-22,2017-11-22,Custom,,,,NULL,Ordered,2017-03-15,NULL,NULL,0,NULL
656,921,2017-03-03,,0,0,0,0,0,0,0,0,0,0,,2017-03-23,2017-03-17,Collection,Albertine - Alterations ,,,NULL,,NULL,NULL,NULL,0,NULL
657,923,2017-03-04,$30,1,0,0,0,0,0,0,0,0,0,,2017-11-25,2017-10-25,Collection,,,,NULL,Found dress elsewhere ,NULL,NULL,NULL,0,NULL
658,924,2017-03-04,$30,0,0,0,0,1,0,1,0,1,0,Brooke Law,2018-01-20,2017-12-20,Collection,,,,NULL,,2017-03-15,NULL,NULL,0,NULL
659,925,2017-03-04,NA,1,0,0,0,0,0,0,0,0,0,,2019-02-01,2019-01-01,Collection,,,,NULL,,2017-03-15,NULL,NULL,0,NULL
660,926,2017-03-07,$30,1,0,0,0,0,0,0,0,0,0,,2018-03-03,2018-02-03,Collection,,,,NULL,Ordered,NULL,NULL,NULL,0,NULL
661,927,2017-03-07,Cash,1,0,0,0,0,0,0,0,0,0,,2017-12-22,2017-11-22,Collection,,,,NULL,,2017-03-15,NULL,NULL,0,NULL
662,928,2017-03-08,$30,0,0,0,0,0,0,1,0,0,0,,2017-09-29,2017-09-29,Custom,,,,NULL,,2017-03-15,NULL,NULL,0,NULL
663,929,2017-03-11,$30,0,0,0,0,0,0,0,0,1,0,Sarah Kong ,2017-11-03,2017-10-03,Custom,,,,NULL,Ordered ,NULL,NULL,NULL,0,NULL
664,930,2017-03-11,$30,0,0,0,0,0,0,0,0,1,0,Kelly-Ann Gall,2017-06-03,2017-05-03,Collection,,,,NULL,Expired,2017-04-19,NULL,NULL,0,NULL
665,931,2017-03-11,$30,0,0,0,0,1,0,0,0,0,0,,2017-12-16,2017-11-16,Collection,,,,NULL,,2017-04-19,NULL,NULL,0,NULL
666,932,2017-03-11,$30,0,0,1,0,1,0,0,0,0,0,,2018-01-05,2017-12-05,Collection,Delphine,,,NULL,,2017-04-19,NULL,NULL,0,NULL
667,933,2017-03-11,$30,0,0,0,0,0,0,0,0,1,0,Ellie Stewart ,2018-02-01,2018-01-01,Collection,,,,NULL,,2017-03-15,NULL,NULL,0,NULL
668,935,2017-03-14,$30,0,0,0,0,0,0,0,0,1,0,Jemma O'flaherty,2017-08-12,2017-07-12,Custom,,,,NULL,Ordered,NULL,NULL,NULL,0,NULL
669,937,2017-03-16,NA,0,0,0,0,0,0,0,0,1,0,Friend,2017-12-30,2017-11-30,Collection,Audrey,,,NULL,,2017-04-19,NULL,NULL,0,NULL
670,938,2017-03-17,$30,1,0,0,0,0,0,0,0,0,0,,2017-06-30,2017-05-30,Collection,,,,NULL,Expired,2017-04-19,NULL,NULL,0,NULL
671,939,2017-03-17,$30,0,1,1,0,0,0,0,0,0,1,Other ,2018-03-01,2018-02-01,Collection,,,,NULL,,2017-04-19,NULL,NULL,0,NULL
672,941,2017-03-18,$30,1,0,0,0,0,0,0,0,0,0,,2017-11-04,2017-10-04,Collection,Florence/Julia ,,,NULL,Ordered,NULL,NULL,NULL,0,NULL
673,942,2017-03-18,$30,1,0,0,0,0,0,0,0,0,0,,2017-11-23,2017-10-23,Collection,,,,NULL,,2017-04-19,NULL,NULL,0,NULL
674,943,2017-03-18,$30,0,1,0,0,0,0,0,0,0,0,,2017-12-01,2017-11-01,Collection,,,,NULL,,2017-04-19,NULL,NULL,0,NULL
675,944,2017-03-18,Cash,0,0,0,0,0,0,0,0,0,0,,2018-01-13,2017-12-13,Collection,,,,NULL,,2017-04-19,NULL,NULL,0,NULL
676,947,2017-03-25,$30,0,0,0,0,0,0,0,0,1,0,,2017-09-30,2017-08-30,Collection,Geneveive,,,NULL,,2017-04-19,NULL,NULL,0,NULL
677,948,2017-03-25,$30,0,0,0,0,0,0,0,0,0,0,Friend ,2017-11-05,2017-10-05,Collection,Diana,,,NULL,,2017-04-19,NULL,NULL,0,NULL
678,949,2017-03-25,$30,1,0,0,0,0,0,0,0,0,0,,2018-01-27,2017-12-27,Collection,Albertine ,,,NULL,,2017-04-19,NULL,NULL,0,NULL
679,950,2017-03-25,$30,1,0,0,0,0,0,0,0,0,0,,2018-01-31,2017-12-31,Collection,,,,NULL,,2017-04-19,NULL,NULL,0,NULL
680,951,2017-03-31,Cash,1,0,0,0,0,0,0,0,0,0,,2018-02-01,2018-01-01,Collection,Audrey/Gloriana,,,NULL,,2017-04-19,NULL,NULL,0,NULL
681,953,2017-04-01,$30,0,0,0,0,0,0,0,0,1,0,Annelies VDM,2017-10-21,2017-09-21,Collection,Diana/poppy,,,NULL,Ordered,NULL,NULL,NULL,0,NULL
682,954,2017-04-01,$30,1,0,0,0,0,0,0,0,0,0,,2017-09-09,2017-08-09,Collection,,,,NULL,,2017-04-19,NULL,NULL,0,NULL
683,955,2017-04-01,$30,0,0,0,0,0,1,0,0,0,0,,2018-01-20,2017-12-20,Collection,,,,NULL,,2017-04-19,NULL,NULL,0,NULL
684,956,2017-04-01,$30,1,0,0,0,0,0,0,0,0,0,,2018-02-04,2018-01-04,Collection,,,,NULL,,2017-04-19,NULL,NULL,0,NULL
685,957,2017-04-01,$30,0,0,0,0,0,0,0,0,0,0,,2018-03-24,2018-02-24,Collection,,,,NULL,,2017-04-19,NULL,NULL,0,NULL
686,958,2017-04-05,$30,0,0,0,0,0,0,0,0,0,1,friends ,2018-02-17,2018-01-17,Custom,,,,NULL,,2017-04-19,NULL,NULL,0,NULL
687,959,2017-04-06,$30,1,1,0,0,0,0,0,0,1,0,"Natalie Mezaros, Monique Ramage",2017-09-16,2017-08-16,Custom,,,,NULL,,NULL,NULL,NULL,0,NULL
688,960,2016-10-20,,0,0,0,0,0,0,0,0,0,0,,,,,,,,NULL,found dress elsewhere,NULL,NULL,NULL,0,NULL
689,961,2017-04-07,$30,1,0,0,0,0,0,0,0,0,0,,2018-02-23,2018-01-23,Collection,Audrey,,,NULL,Ordered,NULL,NULL,NULL,0,NULL
690,963,2017-04-08,$30,1,0,0,0,0,0,0,0,1,0,friend,2018-01-20,2017-12-20,Collection,Piper ,,,NULL,Ordered,NULL,NULL,NULL,0,NULL
691,964,2017-04-08,$30,0,1,0,0,0,0,0,0,0,0,,2018-02-03,2018-01-03,Custom,,,,NULL,Ordered,NULL,NULL,NULL,0,NULL
692,965,2017-04-08,$30,0,0,0,0,0,0,0,1,0,0,,2018-03-10,2018-02-10,Collection,,,,NULL,ordered ,NULL,NULL,NULL,0,NULL
693,966,2017-04-08,$30,1,0,0,0,0,0,0,0,0,0,,2018-02-03,2018-01-03,Collection,,,,NULL,,2017-04-19,NULL,NULL,0,NULL
694,967,2017-04-08,$30,1,0,0,0,0,1,0,0,0,0,,2018-02-24,2018-01-24,Collection,,,,NULL,Found dress elsewhere,NULL,NULL,NULL,0,NULL
695,968,2017-04-13,$30,1,1,1,0,0,0,0,0,1,0,Natalie Meszaros ,2018-02-24,2018-01-24,Custom,,,,NULL,yes,NULL,NULL,NULL,0,NULL
696,969,2017-04-13,$30,1,0,0,0,0,0,0,0,0,0,,2018-04-28,2018-03-28,Collection,Julia ,,,NULL,ordered ,NULL,NULL,NULL,0,NULL
697,971,2017-04-19,Cash,1,0,0,0,0,0,0,0,0,0,,2017-12-01,2017-11-01,Collection,Albertine,,,NULL,yes,NULL,NULL,NULL,0,NULL
698,972,2017-04-20,Cash,0,0,1,0,0,0,0,0,0,0,,2017-10-07,2017-09-07,Collection,Julia,,,NULL,yes,NULL,NULL,NULL,0,NULL
699,973,2017-04-20,$30,0,0,0,0,0,0,0,0,1,0,Iona Manning,2018-01-04,2017-12-04,Collection,,,,NULL,yes,NULL,NULL,NULL,0,NULL
700,974,2017-04-21,$30,1,0,0,0,0,0,0,0,0,0,,2018-07-01,2018-06-01,Collection,Flora,,,NULL,yes,NULL,NULL,NULL,0,NULL
701,975,2017-04-22,$30,1,0,0,0,0,0,0,0,0,0,,2017-11-10,2017-10-10,Collection,Albertine ,,,NULL,Ordered,NULL,NULL,NULL,0,NULL
702,976,2017-04-22,Cash,1,0,0,0,0,0,0,0,0,0,,2018-02-24,2018-01-24,Collection,Audrey/Florence,,,NULL,Found dress elsewhere,NULL,NULL,NULL,0,NULL
703,977,2017-04-22,$30,1,0,0,0,0,0,0,0,0,0,,2018-03-10,2018-02-10,Collection,Audrey ,,,NULL,yes,NULL,NULL,NULL,0,NULL
704,978,2017-04-22,$30,1,0,0,0,0,0,0,1,0,0,,2018-05-05,2018-04-05,Custom,Custom ,,,NULL,,NULL,NULL,NULL,0,NULL
705,980,2017-04-27,NA,0,1,0,0,0,0,0,0,0,0,,2017-11-04,2017-10-04,Accessory,Shoes ,,,NULL,Ordered,NULL,NULL,NULL,0,NULL
706,981,2017-04-28,$30,1,0,0,0,0,0,0,0,0,0,,2018-02-03,2018-01-03,Collection,Florence/Julia ,,,NULL,yes,NULL,NULL,NULL,0,NULL
707,982,2017-04-29,$30,0,1,0,1,0,0,0,0,0,0,,2018-01-27,2017-12-20,Collection,Peony + Violet ,,,NULL,Ordered,NULL,NULL,NULL,0,NULL
708,983,2017-04-29,$30,1,1,1,1,0,1,0,0,0,0,,2018-03-24,2018-02-24,Collection,June ,,,NULL,Ordered,NULL,NULL,NULL,0,NULL
709,984,2017-05-04,$30,0,1,0,0,0,0,0,0,0,0,,2017-03-24,2017-02-24,Collection,,,,NULL,found dress elswhere,NULL,NULL,NULL,0,NULL
710,986,2017-05-06,$30,1,0,0,0,0,0,0,0,0,0,,2018-02-01,2018-01-01,Collection,,,,NULL,Found dress elsewhere,2017-05-19,NULL,NULL,0,NULL
711,987,2017-05-06,$30,0,0,0,0,1,0,0,0,0,0,,2017-09-30,2017-08-30,Collection,Julia,,,NULL,,2017-05-19,NULL,NULL,0,NULL
712,988,2017-05-06,Cash,1,0,0,0,0,0,0,0,0,0,,2018-01-26,2017-12-26,Collection,,,,NULL,,2017-05-19,NULL,NULL,0,NULL
713,989,2017-05-06,$30,0,1,0,0,0,0,0,0,1,0,,2018-03-10,2018-02-10,Collection,,,,NULL,,2017-05-19,NULL,NULL,0,NULL
714,992,2017-05-09,$30,0,0,0,0,0,0,0,0,1,0,Sophie Peters,2017-12-16,2017-11-16,Collection,Audrey ,,,NULL,Found dress at Paperswan,2017-05-19,NULL,NULL,0,NULL
715,994,2017-05-13,$30,0,1,1,0,0,0,0,0,0,0,,2019-03-09,2019-02-09,Collection,Elsie,,,NULL,ordered,NULL,NULL,NULL,0,NULL
716,995,2017-05-13,$30,1,0,0,0,0,0,0,0,0,0,,2017-12-03,2017-11-03,Collection,Gloriana ,,,NULL,ordered,NULL,NULL,NULL,0,NULL
717,996,2017-05-13,$30,1,1,0,0,0,0,0,0,0,0,,2018-12-01,2018-11-01,Collection,Audrey,,,NULL,emailed,2017-07-13,NULL,NULL,0,NULL
718,999,2017-05-19,Cash,1,0,0,0,0,0,0,0,0,0,,2017-12-07,2017-11-07,Collection,Charlotte,,,NULL,,NULL,NULL,NULL,0,NULL
719,1000,2017-05-20,NA,0,1,0,0,0,0,0,0,0,0,,2017-07-22,2017-06-22,Accessory,Veil,,,NULL,ordered,NULL,NULL,NULL,0,NULL
720,1001,2017-05-20,Cash,0,1,0,0,0,0,0,0,1,0,,2018-01-06,2017-12-06,Collection,,,,NULL,,NULL,NULL,NULL,0,NULL
721,1002,2017-05-20,$30,0,0,0,0,0,0,0,0,1,0,Caro Ammundsen,2018-03-03,2018-02-03,Custom,Gloriana (shorter),,,NULL,yes,NULL,NULL,NULL,0,NULL
722,1003,2017-05-20,$30,0,1,0,0,0,1,0,0,0,0,,2018-08-08,2018-07-08,Collection,,,,NULL,,NULL,NULL,NULL,0,NULL
723,1006,2017-05-25,$30,0,0,0,0,1,0,0,0,0,0,,2017-07-25,2017-06-25,Collection,Rosella,,,NULL,,NULL,NULL,NULL,0,NULL
724,1007,2017-05-25,$30,1,0,0,0,0,0,0,0,1,0,Jenny Ryan ,2018-02-01,2018-01-01,Collection,,,,NULL,emailed,2017-07-13,NULL,NULL,0,NULL
725,1008,2017-05-26,$30,1,0,0,0,0,0,0,0,0,0,,2017-08-26,2017-08-11,Collection,,,,NULL,Ordered,NULL,NULL,NULL,0,NULL
726,1009,2017-05-26,NA,0,0,0,0,0,0,0,0,0,0,,2017-10-08,2017-08-25,Collection,Peony & Violet ,,,NULL,International birde,NULL,NULL,NULL,0,NULL
727,1010,2017-05-26,$30,0,0,0,0,0,0,0,0,1,0,,2017-09-28,2017-08-28,Collection,,,,NULL,emailed,2017-07-13,NULL,NULL,0,NULL
728,1011,2017-05-26,WS,0,0,0,0,0,0,1,0,0,0,,2018-01-06,2017-12-06,,,,,NULL,incorrect email,NULL,NULL,NULL,0,NULL
729,1012,2017-05-27,$30,0,0,0,0,0,0,0,0,1,0,,2018-01-06,2017-12-06,Collection,Elsie ,,,NULL,emailed,2017-06-20,NULL,NULL,0,NULL
730,1013,2017-05-27,$30,0,1,1,0,1,0,0,1,0,0,,2018-02-02,2018-01-02,Collection,,,,NULL,emailed,2017-07-13,NULL,NULL,0,NULL
731,1014,2017-05-27,$30,0,0,0,0,0,0,0,0,1,0,Aiees Walker ,2018-04-20,2018-03-20,Collection,Julia,,,NULL,emailed,2017-07-13,NULL,NULL,0,NULL
732,1016,2017-05-31,NA,0,1,0,1,0,0,0,0,0,0,,2018-04-01,2018-03-01,Collection,,,,NULL,emailed,2017-07-13,NULL,NULL,0,NULL
733,1017,2017-06-01,NA,0,0,0,0,0,0,0,0,1,0,,2019-03-09,2019-02-09,Custom,,,,NULL,Ordered,NULL,NULL,NULL,0,NULL
734,1019,2017-06-03,NA,1,1,0,0,0,0,0,0,0,0,,2018-03-10,2018-02-10,Custom,,,,NULL,ordered,NULL,NULL,NULL,0,NULL
735,1020,2017-06-03,$30,1,1,1,0,0,0,1,0,0,0,,2018-09-01,2018-08-01,Collection,Rosella,,,NULL,ordered,NULL,NULL,NULL,0,NULL
736,1021,2017-06-03,$30,1,0,0,0,0,0,0,0,0,0,,2018-01-12,2017-12-12,Collection,Estelle,,,NULL,Aunt making dress,2017-07-15,NULL,NULL,0,NULL
737,1022,2017-06-03,$30,1,0,0,0,0,0,0,0,0,0,,2018-02-01,2018-01-01,Custom,,,,NULL,,NULL,NULL,NULL,0,NULL
738,1023,2017-06-03,$30,1,0,0,0,0,0,0,0,0,0,,2018-02-03,2018-01-03,Collection,,,,NULL,emailed,2017-07-13,NULL,NULL,0,NULL
739,1024,2017-06-03,$30,0,0,0,0,0,0,0,0,1,0,Becky Wysocki,2018-03-03,2018-02-03,Collection,Albertine,,,NULL,emailed,2017-07-13,NULL,NULL,0,NULL
740,1025,2017-06-06,$30,1,1,0,0,0,0,0,0,0,0,,2018-04-07,2018-03-07,Collection,,,,NULL,found elsewhere,2017-07-13,NULL,NULL,0,NULL
741,1026,2017-06-07,WS,0,0,0,0,0,0,1,0,0,0,,2018-02-23,2018-01-23,Custom,,,,NULL,emailed,2017-07-13,NULL,NULL,0,NULL
742,1027,2017-06-08,NA,0,0,0,0,0,0,0,0,0,0,,2017-12-09,2017-08-01,Collection,Violet,,,NULL,,NULL,NULL,NULL,0,NULL
743,1028,2017-06-08,$30,0,0,0,0,0,0,0,0,1,0,Carly Harris,2017-12-16,2017-11-16,Custom,Julia custom,,,NULL,ordered,NULL,NULL,NULL,0,NULL
744,1030,2017-06-09,$30,1,0,0,0,0,0,0,0,0,0,,2018-02-03,2018-01-03,Collection,,,,NULL,emailed,2017-07-13,NULL,NULL,0,NULL
745,1031,2017-06-10,Cash,1,0,0,0,0,0,0,0,0,0,,2018-01-08,2017-12-08,Custom,Julia/Florence ,,,NULL,,NULL,NULL,NULL,0,NULL
746,1033,2017-06-10,Cash,0,0,0,0,0,0,0,0,1,0,Abby Mcoy,2017-12-29,2017-11-29,Collection,Peony + Lindee Rose,,,NULL,,NULL,NULL,NULL,0,NULL
747,1034,2017-06-10,Cash,0,0,0,0,0,0,0,0,1,0,friend,2018-02-24,2018-01-24,Collection,Julia ,,,NULL,,NULL,NULL,NULL,0,NULL
748,1035,2017-06-10,Cash,0,0,0,0,0,0,1,0,0,0,,2018-04-14,2018-03-14,Collection,,,,NULL,,NULL,NULL,NULL,0,NULL
749,1036,2017-06-10,WS,0,0,0,0,0,0,1,0,0,0,,2018-12-01,2018-11-01,Collection,Genevieve,,,NULL,,NULL,NULL,NULL,0,NULL
750,1037,2017-06-10,Cash,0,0,0,0,0,0,0,0,1,0,,2018-09-01,,Custom,,,,NULL,,NULL,NULL,NULL,0,NULL
751,1038,2017-06-13,NA,1,0,0,0,0,0,0,0,0,0,,2018-01-20,2017-12-20,Collection,,,,NULL,,NULL,NULL,NULL,0,NULL
752,1041,2017-06-16,$30,1,1,1,0,0,0,0,0,0,0,,2018-08-25,2018-07-25,Collection,Bloomfeild,,,NULL,,NULL,NULL,NULL,0,NULL
753,1042,2017-06-17,NA,1,1,0,0,0,0,0,0,0,1,Stuff,2018-01-06,2017-11-01,Accessory,Veil ,,,NULL,,NULL,NULL,NULL,0,NULL
754,1043,2017-06-17,$30,1,0,0,0,0,0,0,0,0,0,,2018-01-26,2017-12-26,Collection,,,,NULL,,NULL,NULL,NULL,0,NULL
755,1044,2017-06-17,$30,1,0,0,0,0,0,0,0,0,0,,2018-02-03,2018-01-03,Custom,Billie ,,,NULL,,NULL,NULL,NULL,0,NULL
756,1045,2017-06-17,$15,1,0,0,0,0,0,0,0,0,0,,2018-02-24,2018-01-24,Collection,Julia,,,NULL,,NULL,NULL,NULL,0,NULL
757,1046,2017-06-17,WS,0,0,0,0,0,1,0,0,0,0,,2018-03-17,2018-02-17,Collection,,,,NULL,,NULL,NULL,NULL,0,NULL
758,1047,2017-06-17,$30,1,0,0,0,0,0,0,0,0,0,,2018-05-01,2018-04-01,Collection,,,,NULL,,NULL,NULL,NULL,0,NULL
759,1048,2015-12-18,,0,0,0,0,0,0,0,0,0,0,,2015-12-28,2015-12-21,Accessory,Veil ,,,NULL,,NULL,NULL,NULL,0,NULL
760,1052,2017-06-24,$30,1,0,0,0,0,0,0,0,0,0,,2017-12-09,2017-11-09,Collection,Elsie,,,NULL,Ordered,NULL,NULL,NULL,0,NULL
761,1053,2017-06-24,$30,0,0,0,0,0,0,0,0,1,0,,2018-01-27,2017-12-15,Collection,Bethany w rosella long sleeve top + veil,,,NULL,Ordered,NULL,NULL,NULL,0,NULL
762,1054,2017-06-24,$30,0,0,0,0,0,0,0,0,1,0,,2018-01-27,2017-12-15,Collection,Bethany/albertine combination,,,NULL,"(from Melbourne, give a little more time)",NULL,NULL,NULL,0,NULL
763,1055,2017-06-24,$30,1,0,0,0,0,0,0,0,0,0,,2018-02-10,2017-12-15,Collection,Bethany with violet top,,,NULL,Ordered,NULL,NULL,NULL,0,NULL
764,1056,2017-06-24,$30,1,0,0,0,0,0,0,0,0,0,,2018-03-03,2018-02-03,Collection,Flora(no painting)/Peony/Elsie/Felicia,,,NULL,email ,2017-07-12,NULL,NULL,0,NULL
765,1057,2017-06-24,$30,1,0,0,0,1,0,0,0,0,0,,2018-03-24,2018-02-24,Collection,Gloriana bodice/albertine/julia,,,NULL,email ,2017-07-12,NULL,NULL,0,NULL
766,1058,2017-06-28,$30,0,0,0,0,0,0,0,0,0,1,Friends Wedding,2018-01-13,2017-12-13,Collection,Rosella with box pleat skirt,,,NULL,,NULL,NULL,NULL,0,NULL
